[
  {
    "id": "384dc9b1-6e0d-46d0-8498-40717f4b4519",
    "data": [
      {
        "text": "are you there?",
        "userDefined": false
      }
    ],
    "isTemplate": false,
    "count": 2,
    "updated": 1509407482
  },
  {
    "id": "acd78caf-1aa6-4d08-9d1f-33e57bc6c58b",
    "data": [
      {
        "text": "can you hear me",
        "userDefined": false
      }
    ],
    "isTemplate": false,
    "count": 0,
    "updated": 0
  },
  {
    "id": "329569ad-9240-47ac-bdeb-b17c69c28f2e",
    "data": [
      {
        "text": "are you alive",
        "userDefined": false
      }
    ],
    "isTemplate": false,
    "count": 0,
    "updated": 0
  },
  {
    "id": "62f6ee37-4f6f-4b02-87f1-591187afb02c",
    "data": [
      {
        "text": "are you there",
        "userDefined": false
      }
    ],
    "isTemplate": false,
    "count": 0,
    "updated": 0
  }
]