[
  {
    "id": "357bc135-dfa8-4dce-8352-f5ca7f35eeed",
    "data": [
      {
        "text": "turing test",
        "userDefined": false
      }
    ],
    "isTemplate": false,
    "count": 0,
    "updated": 1509329833
  },
  {
    "id": "44e1eb83-25ae-4747-ab66-33153ba301b3",
    "data": [
      {
        "text": "are you an assistant",
        "userDefined": false
      }
    ],
    "isTemplate": false,
    "count": 0,
    "updated": 1509329833
  },
  {
    "id": "dac53dac-ac54-4f3d-bee1-bab0d8af96ce",
    "data": [
      {
        "text": "are you a chatbot",
        "userDefined": false
      }
    ],
    "isTemplate": false,
    "count": 0,
    "updated": 1509329833
  },
  {
    "id": "8c31c010-032c-48ae-8b41-896a9e23a11b",
    "data": [
      {
        "text": "sentient",
        "userDefined": false
      }
    ],
    "isTemplate": false,
    "count": 0,
    "updated": 0
  },
  {
    "id": "0e767a62-6788-4c44-bf15-3036918d63ed",
    "data": [
      {
        "text": "are you a robot",
        "userDefined": false
      }
    ],
    "isTemplate": false,
    "count": 0,
    "updated": 0
  }
]