[
  {
    "id": "462e557d-47aa-4d99-b5b1-f497c125537e",
    "data": [
      {
        "text": "are you able to",
        "userDefined": false
      }
    ],
    "isTemplate": false,
    "count": 0,
    "updated": 1509506078
  },
  {
    "id": "763dcc0e-b39b-4260-b3d4-b27393740305",
    "data": [
      {
        "text": "what are you capable of",
        "userDefined": false
      }
    ],
    "isTemplate": false,
    "count": 0,
    "updated": 1509506078
  },
  {
    "id": "cdec967b-0ba5-4d72-b84e-7c9af1a23f09",
    "data": [
      {
        "text": "what can you do",
        "userDefined": false
      }
    ],
    "isTemplate": false,
    "count": 0,
    "updated": 1509506078
  }
]