[
  {
    "id": "b5cdd94e-69be-4cc9-8b65-b58948b33c1d",
    "data": [
      {
        "text": "motivation",
        "userDefined": false
      }
    ],
    "isTemplate": false,
    "count": 0,
    "updated": 1509336277
  },
  {
    "id": "ff00e111-6548-4caf-99ae-913d3228a3f9",
    "data": [
      {
        "text": "motivate me",
        "userDefined": false
      }
    ],
    "isTemplate": false,
    "count": 0,
    "updated": 1509336277
  },
  {
    "id": "8963d7e7-163d-497b-a0b7-5a4cf9460011",
    "data": [
      {
        "text": "inspiration",
        "userDefined": false
      }
    ],
    "isTemplate": false,
    "count": 0,
    "updated": 0
  },
  {
    "id": "fd5cd671-dd41-42ff-af69-f846a02f436c",
    "data": [
      {
        "text": "quote",
        "userDefined": false
      }
    ],
    "isTemplate": false,
    "count": 0,
    "updated": 0
  },
  {
    "id": "c18b9032-fc4a-4cf7-b13b-44173dd06b77",
    "data": [
      {
        "text": "inspire me",
        "userDefined": false
      }
    ],
    "isTemplate": false,
    "count": 0,
    "updated": 0
  },
  {
    "id": "43f99979-fa1b-4272-8c32-d771db6383e8",
    "data": [
      {
        "text": "tell me a quote",
        "userDefined": false
      }
    ],
    "isTemplate": false,
    "count": 0,
    "updated": 0
  }
]