[
  {
    "id": "550fd03b-aaa0-484b-9815-12965b98cacb",
    "data": [
      {
        "text": "Tell me a joke",
        "userDefined": false
      }
    ],
    "isTemplate": false,
    "count": 0,
    "updated": 1508980736
  },
  {
    "id": "a40f78c2-e942-4dbc-8f42-3ca98f0debf4",
    "data": [
      {
        "text": "tell me a joke",
        "userDefined": false
      }
    ],
    "isTemplate": false,
    "count": 1,
    "updated": 1508980736
  },
  {
    "id": "c806d6f5-4c11-4f00-a6ac-9ec929b8c459",
    "data": [
      {
        "text": "say something funny",
        "userDefined": false
      }
    ],
    "isTemplate": false,
    "count": 0,
    "updated": 1508638635
  },
  {
    "id": "c3791eb4-17c8-4f92-b8a5-4e6eb2837b61",
    "data": [
      {
        "text": "joke",
        "userDefined": false
      }
    ],
    "isTemplate": false,
    "count": 0,
    "updated": 0
  }
]