[
  {
    "id": "ca896f36-f92b-4e40-8410-3c478d5e4143",
    "data": [
      {
        "text": "feeling",
        "userDefined": false
      }
    ],
    "isTemplate": false,
    "count": 0,
    "updated": 1509226130
  },
  {
    "id": "ff16685c-f6f0-4ba9-9f6d-2e75d5eea3d2",
    "data": [
      {
        "text": "what is going on",
        "userDefined": false
      }
    ],
    "isTemplate": false,
    "count": 0,
    "updated": 1509226130
  },
  {
    "id": "1e9cf324-46e2-4454-8ca7-36d4ec2231e6",
    "data": [
      {
        "text": "how has your day been",
        "userDefined": false
      }
    ],
    "isTemplate": false,
    "count": 0,
    "updated": 1509226130
  },
  {
    "id": "3b0c37ff-a66f-431d-ad93-ce2578222d78",
    "data": [
      {
        "text": "how is it going",
        "userDefined": false
      }
    ],
    "isTemplate": false,
    "count": 0,
    "updated": 1509226130
  },
  {
    "id": "4cfb6bd7-775a-4802-bf5a-714e0dbe51b2",
    "data": [
      {
        "text": "what is up",
        "userDefined": false
      }
    ],
    "isTemplate": false,
    "count": 0,
    "updated": 1509226130
  },
  {
    "id": "04899412-d27d-45cc-b7a5-36652ab29d65",
    "data": [
      {
        "text": "How are you?",
        "userDefined": false
      }
    ],
    "isTemplate": false,
    "count": 1,
    "updated": 1508980736
  },
  {
    "id": "616ab22a-0334-4cc6-8436-d0af95cc45e6",
    "data": [
      {
        "text": "How\u0027s it going?",
        "userDefined": false
      }
    ],
    "isTemplate": false,
    "count": 0,
    "updated": 0
  },
  {
    "id": "4b659880-e50d-487c-86bb-4793796f5d10",
    "data": [
      {
        "text": "What\u0027s up",
        "userDefined": false
      }
    ],
    "isTemplate": false,
    "count": 0,
    "updated": 0
  },
  {
    "id": "04117a04-56ea-4352-b04a-a6d1c4456cfe",
    "data": [
      {
        "text": "How are you feeling",
        "userDefined": false
      }
    ],
    "isTemplate": false,
    "count": 0,
    "updated": 0
  },
  {
    "id": "e173c3c7-8c2c-43ba-bfc1-014bbebcdebe",
    "data": [
      {
        "text": "How are you",
        "userDefined": false
      }
    ],
    "isTemplate": false,
    "count": 0,
    "updated": 0
  }
]