[
  {
    "id": "1040e5db-ec6e-41d4-aa70-5b382664071b",
    "data": [
      {
        "text": "tell me about yourself",
        "userDefined": false
      }
    ],
    "isTemplate": false,
    "count": 0,
    "updated": 1509420057
  },
  {
    "id": "da9428b9-ea95-4912-b1f2-3159394f7ac7",
    "data": [
      {
        "text": "what is your name",
        "userDefined": false
      }
    ],
    "isTemplate": false,
    "count": 0,
    "updated": 1509417385
  },
  {
    "id": "f2d6af87-8201-41c2-98f3-188eec509d0f",
    "data": [
      {
        "text": "what do you do",
        "userDefined": false
      }
    ],
    "isTemplate": false,
    "count": 0,
    "updated": 0
  },
  {
    "id": "21505c33-73e4-4e33-b92a-cb7bd266d6cb",
    "data": [
      {
        "text": "introduce yourself",
        "userDefined": false
      }
    ],
    "isTemplate": false,
    "count": 0,
    "updated": 0
  },
  {
    "id": "6f8ec003-f239-4bdd-b909-6f286605a361",
    "data": [
      {
        "text": "who are you",
        "userDefined": false
      }
    ],
    "isTemplate": false,
    "count": 0,
    "updated": 0
  }
]