[
  {
    "id": "d65782ed-a590-45ce-a507-d1b64ad8b67a",
    "data": [
      {
        "text": "what\u0027s sparc",
        "userDefined": false
      }
    ],
    "isTemplate": false,
    "count": 0,
    "updated": 1509329483
  },
  {
    "id": "1534f41d-40d8-4efd-927e-4478c461f8bc",
    "data": [
      {
        "text": "what is sparc",
        "userDefined": false
      }
    ],
    "isTemplate": false,
    "count": 0,
    "updated": 1509329483
  },
  {
    "id": "840a662b-e965-4403-af4a-1961dc0147d4",
    "data": [
      {
        "text": "explain sparc",
        "userDefined": false
      }
    ],
    "isTemplate": false,
    "count": 0,
    "updated": 1509329483
  },
  {
    "id": "fd2c9c22-2a34-4b3e-932d-a328ba31f053",
    "data": [
      {
        "text": "what does sparc stand for",
        "userDefined": false
      }
    ],
    "isTemplate": false,
    "count": 0,
    "updated": 1509329483
  },
  {
    "id": "db44d2c3-e85d-4edb-b907-075685b417a0",
    "data": [
      {
        "text": "what is the student projects and research committee",
        "userDefined": false
      }
    ],
    "isTemplate": false,
    "count": 0,
    "updated": 0
  },
  {
    "id": "b78a29f5-9134-4a23-81f1-ba6b22d29519",
    "data": [
      {
        "text": "what does spark stand for",
        "userDefined": false
      }
    ],
    "isTemplate": false,
    "count": 0,
    "updated": 0
  },
  {
    "id": "85403431-27b7-4daf-97b4-af817678a32d",
    "data": [
      {
        "text": "explain spark",
        "userDefined": false
      }
    ],
    "isTemplate": false,
    "count": 0,
    "updated": 0
  },
  {
    "id": "6a7d3778-9854-4f3c-8afe-5bfb3c3903e2",
    "data": [
      {
        "text": "what is spark",
        "userDefined": false
      }
    ],
    "isTemplate": false,
    "count": 0,
    "updated": 0
  }
]