[
  {
    "id": "ca020121-80e8-4eff-ac51-30120326b396",
    "data": [
      {
        "text": "how do I join",
        "userDefined": false
      }
    ],
    "isTemplate": false,
    "count": 0,
    "updated": 1509217720
  },
  {
    "id": "2f601414-da31-4452-b299-0b661266be34",
    "data": [
      {
        "text": "how do you join",
        "userDefined": false
      }
    ],
    "isTemplate": false,
    "count": 0,
    "updated": 1509217720
  },
  {
    "id": "b3005c58-e55d-4cd2-8d97-240512d78dfe",
    "data": [
      {
        "text": "how do you get lab access",
        "userDefined": false
      }
    ],
    "isTemplate": false,
    "count": 0,
    "updated": 1509217720
  },
  {
    "id": "a84eb7b3-d50f-46aa-b996-dd34941dabed",
    "data": [
      {
        "text": "lab access",
        "userDefined": false
      }
    ],
    "isTemplate": false,
    "count": 0,
    "updated": 0
  },
  {
    "id": "9e2b775b-19a4-4c63-9081-fe7dd3c3ac3d",
    "data": [
      {
        "text": "keycode",
        "userDefined": false
      }
    ],
    "isTemplate": false,
    "count": 0,
    "updated": 0
  },
  {
    "id": "2bde4e53-12b6-4bed-8a16-988414f3aefd",
    "data": [
      {
        "text": "five hours",
        "meta": "@sys.ignore",
        "userDefined": false
      }
    ],
    "isTemplate": false,
    "count": 0,
    "updated": 1508638732
  },
  {
    "id": "a8c0915e-86bc-452a-a5af-0f19fcaa24ba",
    "data": [
      {
        "text": "key code",
        "userDefined": false
      }
    ],
    "isTemplate": false,
    "count": 0,
    "updated": 0
  },
  {
    "id": "8c550328-bb20-49a4-a2fe-e2382c12e120",
    "data": [
      {
        "text": "5 hours",
        "userDefined": false
      }
    ],
    "isTemplate": false,
    "count": 0,
    "updated": 0
  }
]