[
  {
    "id": "b6970813-b247-4b92-9e64-b53866e07c0f",
    "data": [
      {
        "text": "what about ",
        "userDefined": false
      },
      {
        "text": "snowing",
        "alias": "condition",
        "meta": "@weather-condition",
        "userDefined": true
      }
    ],
    "isTemplate": false,
    "count": 0,
    "updated": 0
  },
  {
    "id": "c78c558b-c946-43e0-bc6c-391cbe400bf4",
    "data": [
      {
        "text": "and ",
        "userDefined": false
      },
      {
        "text": "rain",
        "alias": "condition",
        "meta": "@weather-condition",
        "userDefined": false
      }
    ],
    "isTemplate": false,
    "count": 0,
    "updated": 0
  }
]