[
  {
    "id": "306d578b-4490-445a-a669-a9505c6a2f96",
    "data": [
      {
        "text": "skiing",
        "alias": "activity",
        "meta": "@activity",
        "userDefined": true
      }
    ],
    "isTemplate": false,
    "count": 0,
    "updated": 0
  },
  {
    "id": "d5b45ff8-32de-4063-8f1c-f86567de7340",
    "data": [
      {
        "text": "and for ",
        "userDefined": false
      },
      {
        "text": "skating",
        "alias": "activity",
        "meta": "@activity",
        "userDefined": false
      }
    ],
    "isTemplate": false,
    "count": 0,
    "updated": 0
  },
  {
    "id": "3c1cc7bd-564e-4326-a6d2-ae31f84de23a",
    "data": [
      {
        "text": "what about ",
        "userDefined": false
      },
      {
        "text": "swimming",
        "alias": "activity",
        "meta": "@activity",
        "userDefined": false
      }
    ],
    "isTemplate": false,
    "count": 0,
    "updated": 0
  }
]