[
  {
    "id": "12e887c6-701d-424a-949f-a5f435f70888",
    "data": [
      {
        "text": "and ",
        "userDefined": false
      },
      {
        "text": "raincoat",
        "alias": "outfit",
        "meta": "@outfit",
        "userDefined": false
      }
    ],
    "isTemplate": false,
    "count": 0,
    "updated": 0
  },
  {
    "id": "33a208da-3741-403c-a39e-678a7848f669",
    "data": [
      {
        "text": "raincoat",
        "alias": "outfit",
        "meta": "@outfit",
        "userDefined": false
      }
    ],
    "isTemplate": false,
    "count": 0,
    "updated": 0
  },
  {
    "id": "ab287e5a-1621-478c-b8da-38910e0d5f56",
    "data": [
      {
        "text": "my ",
        "userDefined": false
      },
      {
        "text": "coat",
        "alias": "outfit",
        "meta": "@outfit",
        "userDefined": false
      }
    ],
    "isTemplate": false,
    "count": 0,
    "updated": 0
  },
  {
    "id": "1df70016-5300-47c1-801f-f11648942764",
    "data": [
      {
        "text": "how ",
        "userDefined": false
      },
      {
        "text": "about",
        "meta": "@sys.ignore",
        "userDefined": false
      },
      {
        "text": " my ",
        "userDefined": false
      },
      {
        "text": "raincoat",
        "alias": "outfit",
        "meta": "@outfit",
        "userDefined": false
      }
    ],
    "isTemplate": false,
    "count": 0,
    "updated": 0
  },
  {
    "id": "6a35360e-afb3-49bc-8d67-f8e4b78c2258",
    "data": [
      {
        "text": "and ",
        "userDefined": false
      },
      {
        "text": "umbrella",
        "alias": "outfit",
        "meta": "@outfit",
        "userDefined": true
      }
    ],
    "isTemplate": false,
    "count": 1,
    "updated": 0
  },
  {
    "id": "33530ac1-43bb-4d9a-b085-011c5c61c157",
    "data": [
      {
        "text": "and my ",
        "userDefined": false
      },
      {
        "text": "umbrella",
        "alias": "outfit",
        "meta": "@outfit",
        "userDefined": false
      }
    ],
    "isTemplate": false,
    "count": 0,
    "updated": 0
  },
  {
    "id": "7058c094-0abd-475f-997a-34ec5e85dbfa",
    "data": [
      {
        "text": "how ",
        "userDefined": false
      },
      {
        "text": "about",
        "meta": "@sys.ignore",
        "userDefined": true
      },
      {
        "text": " ",
        "userDefined": false
      },
      {
        "text": "raincoat",
        "alias": "outfit",
        "meta": "@outfit",
        "userDefined": true
      }
    ],
    "isTemplate": false,
    "count": 0,
    "updated": 0
  },
  {
    "id": "c0a6a2ee-8662-47ec-91a5-ba32b0bb7a00",
    "data": [
      {
        "text": "what about ",
        "userDefined": false
      },
      {
        "text": "sunglasses",
        "alias": "outfit",
        "meta": "@outfit",
        "userDefined": true
      }
    ],
    "isTemplate": false,
    "count": 0,
    "updated": 0
  }
]