[
  {
    "id": "c4a7524d-2531-4256-994f-c14d56b6f230",
    "data": [
      {
        "text": "adjust my ",
        "userDefined": false
      },
      {
        "text": "thermostat",
        "alias": "device",
        "meta": "@heating",
        "userDefined": false
      },
      {
        "text": " to ",
        "userDefined": false
      },
      {
        "text": "75",
        "alias": "final-value",
        "meta": "@sys.number",
        "userDefined": false
      },
      {
        "text": " Fahrenheit",
        "userDefined": false
      }
    ],
    "isTemplate": false,
    "count": 0,
    "updated": 0
  },
  {
    "id": "8112774c-e177-4d94-a999-0674abd90a0f",
    "data": [
      {
        "text": "set ",
        "userDefined": false
      },
      {
        "text": "heating",
        "alias": "device",
        "meta": "@heating",
        "userDefined": true
      },
      {
        "text": " in ",
        "userDefined": false
      },
      {
        "text": "all",
        "alias": "all",
        "meta": "@all",
        "userDefined": true
      },
      {
        "text": " rooms",
        "userDefined": false
      }
    ],
    "isTemplate": false,
    "count": 0,
    "updated": 0
  },
  {
    "id": "e5076ab0-2b62-49b2-be71-d45d8ca451b7",
    "data": [
      {
        "text": "set my temperature at about ",
        "userDefined": false
      },
      {
        "text": "80",
        "alias": "final-value",
        "meta": "@sys.number",
        "userDefined": true
      }
    ],
    "isTemplate": false,
    "count": 2,
    "updated": 0
  },
  {
    "id": "3c29652c-1402-4a7e-aecc-3abe241a09f0",
    "data": [
      {
        "text": "set ",
        "userDefined": false
      },
      {
        "text": "heating",
        "alias": "device",
        "meta": "@heating",
        "userDefined": false
      },
      {
        "text": " till ",
        "userDefined": false
      },
      {
        "text": "50",
        "alias": "final-value",
        "meta": "@sys.number",
        "userDefined": false
      },
      {
        "text": " points",
        "userDefined": false
      }
    ],
    "isTemplate": false,
    "count": 0,
    "updated": 0
  },
  {
    "id": "62cc6218-24cf-475b-85c2-08300ad55769",
    "data": [
      {
        "text": "set the ",
        "userDefined": false
      },
      {
        "text": "house",
        "meta": "@sys.ignore",
        "userDefined": true
      },
      {
        "text": " temperature ",
        "userDefined": false
      },
      {
        "text": "to 70 degrees",
        "alias": "final-value",
        "meta": "@sys.number",
        "userDefined": true
      }
    ],
    "isTemplate": false,
    "count": 0,
    "updated": 0
  },
  {
    "id": "1022eea1-50c1-4b4a-8a1d-28725f16e4b5",
    "data": [
      {
        "text": "set ",
        "userDefined": false
      },
      {
        "text": "heating",
        "alias": "device",
        "meta": "@heating",
        "userDefined": false
      }
    ],
    "isTemplate": false,
    "count": 0,
    "updated": 0
  },
  {
    "id": "89773e59-5d5e-4af2-8e1f-d3494f12872a",
    "data": [
      {
        "text": "set ",
        "userDefined": false
      },
      {
        "text": "heating",
        "alias": "device",
        "meta": "@heating",
        "userDefined": false
      },
      {
        "text": " in the ",
        "userDefined": false
      },
      {
        "text": "kitchen",
        "alias": "room",
        "meta": "@room",
        "userDefined": false
      },
      {
        "text": " till ",
        "userDefined": false
      },
      {
        "text": "40",
        "alias": "final-value",
        "meta": "@sys.number",
        "userDefined": false
      },
      {
        "text": " degrees",
        "userDefined": false
      }
    ],
    "isTemplate": false,
    "count": 0,
    "updated": 0
  },
  {
    "id": "7aa3344c-0a8a-4890-82d8-a6e64fc1f77a",
    "data": [
      {
        "text": "turn the temperature to ",
        "userDefined": false
      },
      {
        "text": "20",
        "alias": "final-value",
        "meta": "@sys.number",
        "userDefined": false
      },
      {
        "text": " degrees Celsius",
        "userDefined": false
      }
    ],
    "isTemplate": false,
    "count": 1,
    "updated": 0
  },
  {
    "id": "2c4da949-6c12-48ea-ba73-2a89b7b5f0f2",
    "data": [
      {
        "text": "set ",
        "userDefined": false
      },
      {
        "text": "temperature",
        "meta": "@sys.ignore",
        "userDefined": true
      },
      {
        "text": " to ",
        "userDefined": false
      },
      {
        "text": "50",
        "alias": "final-value",
        "meta": "@sys.number",
        "userDefined": true
      },
      {
        "text": " points",
        "userDefined": false
      }
    ],
    "isTemplate": false,
    "count": 0,
    "updated": 0
  },
  {
    "id": "fba5a0ed-4d0c-4640-89c2-427b46db500c",
    "data": [
      {
        "text": "set ",
        "userDefined": false
      },
      {
        "text": "heating",
        "alias": "device",
        "meta": "@heating",
        "userDefined": false
      },
      {
        "text": " in ",
        "userDefined": false
      },
      {
        "text": "bedroom",
        "alias": "room",
        "meta": "@room",
        "userDefined": false
      },
      {
        "text": " to ",
        "userDefined": false
      },
      {
        "text": "50",
        "alias": "final-value",
        "meta": "@sys.number",
        "userDefined": false
      },
      {
        "text": " degrees",
        "userDefined": false
      }
    ],
    "isTemplate": false,
    "count": 0,
    "updated": 0
  },
  {
    "id": "aeea6315-a003-467e-8226-b72849a6d7bc",
    "data": [
      {
        "text": "please set my temperature at ",
        "userDefined": false
      },
      {
        "text": "69",
        "alias": "final-value",
        "meta": "@sys.number",
        "userDefined": false
      },
      {
        "text": " degrees",
        "userDefined": false
      }
    ],
    "isTemplate": false,
    "count": 1,
    "updated": 0
  },
  {
    "id": "4149646b-cfdd-462e-a11d-1e293cf032bb",
    "data": [
      {
        "text": "set ",
        "userDefined": false
      },
      {
        "text": "heating",
        "alias": "device",
        "meta": "@heating",
        "userDefined": false
      },
      {
        "text": " till ",
        "userDefined": false
      },
      {
        "text": "30",
        "alias": "final-value",
        "meta": "@sys.number",
        "userDefined": false
      },
      {
        "text": " degrees",
        "userDefined": false
      }
    ],
    "isTemplate": false,
    "count": 0,
    "updated": 0
  },
  {
    "id": "454b55f4-f7b7-462d-930c-e5a848aa02a8",
    "data": [
      {
        "text": "set ",
        "userDefined": false
      },
      {
        "text": "temperature",
        "meta": "@sys.ignore",
        "userDefined": true
      },
      {
        "text": " to ",
        "userDefined": false
      },
      {
        "text": "50",
        "alias": "final-value",
        "meta": "@sys.number",
        "userDefined": true
      },
      {
        "text": " ",
        "userDefined": false
      },
      {
        "text": "everywhere",
        "alias": "all",
        "meta": "@all",
        "userDefined": true
      }
    ],
    "isTemplate": false,
    "count": 0,
    "updated": 0
  },
  {
    "id": "42dcdfac-1f8b-4099-a681-83b5c7ef4662",
    "data": [
      {
        "text": "set ",
        "userDefined": false
      },
      {
        "text": "kitchen",
        "alias": "room",
        "meta": "@room",
        "userDefined": true
      },
      {
        "text": " ",
        "userDefined": false
      },
      {
        "text": "temperature",
        "meta": "@sys.ignore",
        "userDefined": true
      }
    ],
    "isTemplate": false,
    "count": 0,
    "updated": 0
  },
  {
    "id": "d1861ecc-3a00-4e3a-b15e-774b5ed19410",
    "data": [
      {
        "text": "change my ",
        "userDefined": false
      },
      {
        "text": "thermostat",
        "alias": "device",
        "meta": "@heating",
        "userDefined": false
      },
      {
        "text": " to be ",
        "userDefined": false
      },
      {
        "text": "20",
        "alias": "final-value",
        "meta": "@sys.number",
        "userDefined": true
      },
      {
        "text": " Celsius please",
        "userDefined": false
      }
    ],
    "isTemplate": false,
    "count": 1,
    "updated": 0
  },
  {
    "id": "7f2e68c7-b778-4b5c-a399-1e6c23302a4c",
    "data": [
      {
        "text": "change temperature",
        "userDefined": false
      }
    ],
    "isTemplate": false,
    "count": 0,
    "updated": 0
  },
  {
    "id": "9e0a147d-eaca-42d5-b164-df4800b0c017",
    "data": [
      {
        "text": "please change the thermostat temperature",
        "userDefined": false
      }
    ],
    "isTemplate": false,
    "count": 0,
    "updated": 0
  },
  {
    "id": "0b72e322-7e1b-4f49-a063-094368037133",
    "data": [
      {
        "text": "put the ",
        "userDefined": false
      },
      {
        "text": "thermostat",
        "alias": "device",
        "meta": "@heating",
        "userDefined": false
      },
      {
        "text": " at ",
        "userDefined": false
      },
      {
        "text": "68",
        "alias": "final-value",
        "meta": "@sys.number",
        "userDefined": false
      },
      {
        "text": " Fahrenheit",
        "userDefined": false
      }
    ],
    "isTemplate": false,
    "count": 1,
    "updated": 0
  },
  {
    "id": "961b7deb-9141-446b-80c1-fb6586c92cfd",
    "data": [
      {
        "text": "switch ",
        "userDefined": false
      },
      {
        "text": "heating",
        "alias": "device",
        "meta": "@heating",
        "userDefined": false
      },
      {
        "text": " on to ",
        "userDefined": false
      },
      {
        "text": "60",
        "alias": "final-value",
        "meta": "@sys.number",
        "userDefined": true
      },
      {
        "text": " F",
        "userDefined": false
      }
    ],
    "isTemplate": false,
    "count": 0,
    "updated": 0
  },
  {
    "id": "e97267cc-d0a4-4542-b77b-d9bb60a128cd",
    "data": [
      {
        "text": "change the temperature to ",
        "userDefined": false
      },
      {
        "text": "76",
        "alias": "final-value",
        "meta": "@sys.number",
        "userDefined": false
      }
    ],
    "isTemplate": false,
    "count": 1,
    "updated": 0
  },
  {
    "id": "8ef65bcf-8044-4d7c-8efb-54c03cb1f4dd",
    "data": [
      {
        "text": "set the ",
        "userDefined": false
      },
      {
        "text": "heating",
        "alias": "device",
        "meta": "@heating",
        "userDefined": true
      },
      {
        "text": " in the ",
        "userDefined": false
      },
      {
        "text": "kitchen",
        "alias": "room",
        "meta": "@room",
        "userDefined": true
      },
      {
        "text": " to ",
        "userDefined": false
      },
      {
        "text": "50",
        "alias": "final-value",
        "meta": "@sys.number",
        "userDefined": true
      },
      {
        "text": " points",
        "userDefined": false
      }
    ],
    "isTemplate": false,
    "count": 0,
    "updated": 0
  },
  {
    "id": "d40d4523-c772-43c3-abc8-86d39c63dfe8",
    "data": [
      {
        "text": "change temperature to ",
        "userDefined": false
      },
      {
        "text": "20",
        "alias": "final-value",
        "meta": "@sys.number",
        "userDefined": false
      },
      {
        "text": " degrees",
        "userDefined": false
      }
    ],
    "isTemplate": false,
    "count": 1,
    "updated": 0
  },
  {
    "id": "62046ffc-4f63-4635-8734-c3012dc53eed",
    "data": [
      {
        "text": "modify temperature to ",
        "userDefined": false
      },
      {
        "text": "23",
        "alias": "final-value",
        "meta": "@sys.number",
        "userDefined": false
      },
      {
        "text": " degree Celsius",
        "userDefined": false
      }
    ],
    "isTemplate": false,
    "count": 1,
    "updated": 0
  },
  {
    "id": "f3eb2d94-5e02-4930-a615-ffbf9fa6fc6d",
    "data": [
      {
        "text": "set the temp to ",
        "userDefined": false
      },
      {
        "text": "75",
        "alias": "final-value",
        "meta": "@sys.number",
        "userDefined": true
      }
    ],
    "isTemplate": false,
    "count": 1,
    "updated": 0
  },
  {
    "id": "e3824109-b445-4559-b824-c77e6909a29c",
    "data": [
      {
        "text": "heating",
        "alias": "device",
        "meta": "@heating",
        "userDefined": false
      },
      {
        "text": " in the ",
        "userDefined": false
      },
      {
        "text": "kitchen",
        "alias": "room",
        "meta": "@room",
        "userDefined": false
      },
      {
        "text": " till ",
        "userDefined": false
      },
      {
        "text": "40",
        "alias": "final-value",
        "meta": "@sys.number",
        "userDefined": false
      },
      {
        "text": " degrees",
        "userDefined": false
      }
    ],
    "isTemplate": false,
    "count": 0,
    "updated": 0
  },
  {
    "id": "a3b8b676-5b80-46d0-a779-e3b4f01afc49",
    "data": [
      {
        "text": "temperature to ",
        "userDefined": false
      },
      {
        "text": "50",
        "alias": "final-value",
        "meta": "@sys.number",
        "userDefined": true
      },
      {
        "text": " points in ",
        "userDefined": false
      },
      {
        "text": "all",
        "alias": "all",
        "meta": "@all",
        "userDefined": true
      },
      {
        "text": " rooms",
        "userDefined": false
      }
    ],
    "isTemplate": false,
    "count": 0,
    "updated": 0
  },
  {
    "id": "ece0088c-2286-40f0-a8e9-c7037120fe48",
    "data": [
      {
        "text": "set temperature to ",
        "userDefined": false
      },
      {
        "text": "32",
        "alias": "final-value",
        "meta": "@sys.number",
        "userDefined": false
      }
    ],
    "isTemplate": false,
    "count": 1,
    "updated": 0
  },
  {
    "id": "0a91b7ff-2144-4fac-b2d9-9f6285c08e86",
    "data": [
      {
        "text": "set ",
        "userDefined": false
      },
      {
        "text": "temperature",
        "meta": "@sys.ignore",
        "userDefined": false
      },
      {
        "text": " ",
        "userDefined": false
      },
      {
        "text": "everywhere",
        "alias": "all",
        "meta": "@all",
        "userDefined": false
      }
    ],
    "isTemplate": false,
    "count": 0,
    "updated": 0
  },
  {
    "id": "cefdc2c4-7e26-4e93-86dc-0994c81959e3",
    "data": [
      {
        "text": "set ",
        "userDefined": false
      },
      {
        "text": "heating",
        "alias": "device",
        "meta": "@heating",
        "userDefined": false
      },
      {
        "text": " to ",
        "userDefined": false
      },
      {
        "text": "50",
        "alias": "final-value",
        "meta": "@sys.number",
        "userDefined": false
      },
      {
        "text": " degrees",
        "userDefined": false
      }
    ],
    "isTemplate": false,
    "count": 0,
    "updated": 0
  },
  {
    "id": "7d542aae-7e3f-48c5-b4bf-02d7701542f7",
    "data": [
      {
        "text": "turn the ",
        "userDefined": false
      },
      {
        "text": "thermostat",
        "alias": "device",
        "meta": "@heating",
        "userDefined": false
      },
      {
        "text": " to ",
        "userDefined": false
      },
      {
        "text": "73",
        "alias": "final-value",
        "meta": "@sys.number",
        "userDefined": false
      },
      {
        "text": " degrees Fahrenheit",
        "userDefined": false
      }
    ],
    "isTemplate": false,
    "count": 1,
    "updated": 0
  },
  {
    "id": "f5e51395-26a4-43cf-89a5-2887899d4226",
    "data": [
      {
        "text": "set the ",
        "userDefined": false
      },
      {
        "text": "heating",
        "alias": "device",
        "meta": "@heating",
        "userDefined": true
      },
      {
        "text": " to ",
        "userDefined": false
      },
      {
        "text": "50",
        "alias": "final-value",
        "meta": "@sys.number",
        "userDefined": true
      },
      {
        "text": " points",
        "userDefined": false
      }
    ],
    "isTemplate": false,
    "count": 0,
    "updated": 0
  },
  {
    "id": "03504dc5-d821-471b-b20a-8ec945d52422",
    "data": [
      {
        "text": "set the temperature to ",
        "userDefined": false
      },
      {
        "text": "74",
        "alias": "final-value",
        "meta": "@sys.number",
        "userDefined": false
      }
    ],
    "isTemplate": false,
    "count": 1,
    "updated": 0
  },
  {
    "id": "1313f58b-f595-4c1b-bff6-1140571c1102",
    "data": [
      {
        "text": "set the ",
        "userDefined": false
      },
      {
        "text": "thermostat",
        "alias": "device",
        "meta": "@heating",
        "userDefined": false
      },
      {
        "text": " to ",
        "userDefined": false
      },
      {
        "text": "40",
        "alias": "final-value",
        "meta": "@sys.number",
        "userDefined": false
      },
      {
        "text": " degrees",
        "userDefined": false
      }
    ],
    "isTemplate": false,
    "count": 0,
    "updated": 0
  },
  {
    "id": "7d165acc-1057-43de-a20e-efcaf910ae48",
    "data": [
      {
        "text": "set ",
        "userDefined": false
      },
      {
        "text": "temperature",
        "meta": "@sys.ignore",
        "userDefined": true
      },
      {
        "text": " in the ",
        "userDefined": false
      },
      {
        "text": "kitchen",
        "alias": "room",
        "meta": "@room",
        "userDefined": true
      }
    ],
    "isTemplate": false,
    "count": 0,
    "updated": 0
  },
  {
    "id": "033ab613-7dc7-4f1a-83c3-1ca72c9e5e6c",
    "data": [
      {
        "text": "set my ",
        "userDefined": false
      },
      {
        "text": "bedroom",
        "alias": "room",
        "meta": "@room",
        "userDefined": true
      },
      {
        "text": " temperature to ",
        "userDefined": false
      },
      {
        "text": "65",
        "alias": "final-value",
        "meta": "@sys.number",
        "userDefined": true
      }
    ],
    "isTemplate": false,
    "count": 0,
    "updated": 0
  },
  {
    "id": "9cd2b01a-c2fd-44a2-a985-f409f7abfaec",
    "data": [
      {
        "text": "turn on ",
        "userDefined": false
      },
      {
        "text": "heating",
        "alias": "device",
        "meta": "@heating",
        "userDefined": false
      },
      {
        "text": " in the ",
        "userDefined": false
      },
      {
        "text": "kitchen",
        "alias": "room",
        "meta": "@room",
        "userDefined": false
      },
      {
        "text": " till ",
        "userDefined": false
      },
      {
        "text": "40",
        "alias": "final-value",
        "meta": "@sys.number",
        "userDefined": true
      },
      {
        "text": " degrees",
        "userDefined": false
      }
    ],
    "isTemplate": false,
    "count": 0,
    "updated": 0
  },
  {
    "id": "1329d48e-91ef-4a83-a224-14c4660ec32b",
    "data": [
      {
        "text": "room",
        "alias": "room",
        "meta": "@room",
        "userDefined": false
      },
      {
        "text": " temperature",
        "userDefined": false
      }
    ],
    "isTemplate": false,
    "count": 0,
    "updated": 0
  },
  {
    "id": "28c30b4f-d84d-4ef2-8dec-4a5d1da4c321",
    "data": [
      {
        "text": "make ",
        "userDefined": false
      },
      {
        "text": "air condition",
        "alias": "device",
        "meta": "@heating",
        "userDefined": true
      },
      {
        "text": " to ",
        "userDefined": false
      },
      {
        "text": "8",
        "alias": "final-value",
        "meta": "@sys.number",
        "userDefined": true
      },
      {
        "text": " degrees",
        "userDefined": false
      }
    ],
    "isTemplate": false,
    "count": 0,
    "updated": 0
  },
  {
    "id": "5d380e17-40cb-4d2d-b1a4-a1aa56af8608",
    "data": [
      {
        "text": "set temp to ",
        "userDefined": false
      },
      {
        "text": "25",
        "alias": "final-value",
        "meta": "@sys.number",
        "userDefined": false
      },
      {
        "text": " grad",
        "userDefined": false
      }
    ],
    "isTemplate": false,
    "count": 0,
    "updated": 0
  },
  {
    "id": "68e4272a-2e69-4b7a-a867-314a9ebd9052",
    "data": [
      {
        "text": "modify the temperature",
        "userDefined": false
      }
    ],
    "isTemplate": false,
    "count": 0,
    "updated": 0
  },
  {
    "id": "5330a8f1-07ff-4993-b3f6-f493e0914c2d",
    "data": [
      {
        "text": "switch ",
        "userDefined": false
      },
      {
        "text": "heating",
        "alias": "device",
        "meta": "@heating",
        "userDefined": false
      },
      {
        "text": " on to ",
        "userDefined": false
      },
      {
        "text": "30",
        "alias": "final-value",
        "meta": "@sys.number",
        "userDefined": false
      },
      {
        "text": " C",
        "userDefined": false
      }
    ],
    "isTemplate": false,
    "count": 0,
    "updated": 0
  },
  {
    "id": "2eec76d6-86de-490b-9073-f7fbe753b500",
    "data": [
      {
        "text": "turn temperature to ",
        "userDefined": false
      },
      {
        "text": "20",
        "alias": "final-value",
        "meta": "@sys.number",
        "userDefined": false
      },
      {
        "text": " Celsius",
        "userDefined": false
      }
    ],
    "isTemplate": false,
    "count": 1,
    "updated": 0
  },
  {
    "id": "31bdf52d-10a3-4cf6-b820-bfa07cd6a5ec",
    "data": [
      {
        "text": "alter the thermostat to be ",
        "userDefined": false
      },
      {
        "text": "76",
        "alias": "final-value",
        "meta": "@sys.number",
        "userDefined": true
      },
      {
        "text": " degrees",
        "userDefined": false
      }
    ],
    "isTemplate": false,
    "count": 0,
    "updated": 0
  },
  {
    "id": "65764777-582d-46f3-8070-1d0a614848fb",
    "data": [
      {
        "text": "make ",
        "userDefined": false
      },
      {
        "text": "heating",
        "alias": "device",
        "meta": "@heating",
        "userDefined": false
      },
      {
        "text": " ",
        "userDefined": false
      },
      {
        "text": "20",
        "alias": "final-value",
        "meta": "@sys.number",
        "userDefined": false
      },
      {
        "text": " degrees",
        "userDefined": false
      }
    ],
    "isTemplate": false,
    "count": 0,
    "updated": 0
  },
  {
    "id": "9263aebf-90a1-45dc-803e-38b8a8e5a436",
    "data": [
      {
        "text": "set temperature",
        "userDefined": false
      }
    ],
    "isTemplate": false,
    "count": 0,
    "updated": 0
  },
  {
    "id": "0abad6cf-b1b4-4b56-840a-2e9cf72ca86c",
    "data": [
      {
        "text": "fix the temperature at ",
        "userDefined": false
      },
      {
        "text": "75",
        "alias": "final-value",
        "meta": "@sys.number",
        "userDefined": false
      },
      {
        "text": " Fahrenheit",
        "userDefined": false
      }
    ],
    "isTemplate": false,
    "count": 1,
    "updated": 0
  },
  {
    "id": "2cd9ea1a-524d-4386-b254-884ae71534be",
    "data": [
      {
        "text": "turn ",
        "userDefined": false
      },
      {
        "text": "heating",
        "alias": "device",
        "meta": "@heating",
        "userDefined": false
      },
      {
        "text": " ",
        "userDefined": false
      },
      {
        "text": "20",
        "alias": "final-value",
        "meta": "@sys.number",
        "userDefined": false
      },
      {
        "text": " degrees",
        "userDefined": false
      }
    ],
    "isTemplate": false,
    "count": 0,
    "updated": 0
  },
  {
    "id": "2a2d6ec9-4a04-46d6-941a-509c95eb3369",
    "data": [
      {
        "text": "switch ",
        "userDefined": false
      },
      {
        "text": "heating",
        "alias": "device",
        "meta": "@heating",
        "userDefined": false
      },
      {
        "text": " in the ",
        "userDefined": false
      },
      {
        "text": "kitchen",
        "alias": "room",
        "meta": "@room",
        "userDefined": false
      },
      {
        "text": " till ",
        "userDefined": false
      },
      {
        "text": "40",
        "alias": "final-value",
        "meta": "@sys.number",
        "userDefined": false
      },
      {
        "text": " degrees",
        "userDefined": false
      }
    ],
    "isTemplate": false,
    "count": 0,
    "updated": 0
  },
  {
    "id": "33a6e01b-e46f-4b3e-b34f-33bdf40715b7",
    "data": [
      {
        "text": "set temperature ",
        "userDefined": false
      },
      {
        "text": "to 22 degrees",
        "alias": "final-value",
        "meta": "@sys.number",
        "userDefined": false
      }
    ],
    "isTemplate": false,
    "count": 0,
    "updated": 0
  },
  {
    "id": "db4f3aab-9b68-4fbf-9d64-47c1d30ade99",
    "data": [
      {
        "text": "heating",
        "alias": "device",
        "meta": "@heating",
        "userDefined": true
      },
      {
        "text": " in ",
        "userDefined": false
      },
      {
        "text": "all",
        "alias": "all",
        "meta": "@all",
        "userDefined": true
      },
      {
        "text": " rooms",
        "userDefined": false
      }
    ],
    "isTemplate": false,
    "count": 0,
    "updated": 0
  },
  {
    "id": "82f905f9-d05b-49df-bef9-a857000a6df2",
    "data": [
      {
        "text": "switch ",
        "userDefined": false
      },
      {
        "text": "heating",
        "alias": "device",
        "meta": "@heating",
        "userDefined": false
      },
      {
        "text": " till ",
        "userDefined": false
      },
      {
        "text": "30",
        "alias": "final-value",
        "meta": "@sys.number",
        "userDefined": false
      },
      {
        "text": " degrees",
        "userDefined": false
      }
    ],
    "isTemplate": false,
    "count": 0,
    "updated": 0
  },
  {
    "id": "d0926496-dbff-44e7-abd1-0ad181292fb8",
    "data": [
      {
        "text": "change the temperature to ",
        "userDefined": false
      },
      {
        "text": "68",
        "alias": "final-value",
        "meta": "@sys.number",
        "userDefined": false
      }
    ],
    "isTemplate": false,
    "count": 1,
    "updated": 0
  },
  {
    "id": "8620b32c-461d-46e9-91e5-65af46ae7271",
    "data": [
      {
        "text": "turn on ",
        "userDefined": false
      },
      {
        "text": "heating",
        "alias": "device",
        "meta": "@heating",
        "userDefined": false
      },
      {
        "text": " till ",
        "userDefined": false
      },
      {
        "text": "30",
        "alias": "final-value",
        "meta": "@sys.number",
        "userDefined": true
      },
      {
        "text": " degrees",
        "userDefined": false
      }
    ],
    "isTemplate": false,
    "count": 0,
    "updated": 0
  },
  {
    "id": "62f3fc0c-c909-427d-898c-745a987ae292",
    "data": [
      {
        "text": "set ",
        "userDefined": false
      },
      {
        "text": "cooling point",
        "alias": "device",
        "meta": "@heating",
        "userDefined": false
      },
      {
        "text": " to ",
        "userDefined": false
      },
      {
        "text": "25",
        "alias": "final-value",
        "meta": "@sys.number",
        "userDefined": false
      },
      {
        "text": " grad",
        "userDefined": false
      }
    ],
    "isTemplate": false,
    "count": 0,
    "updated": 0
  },
  {
    "id": "53e77e05-747d-4f67-8c6f-64414b747917",
    "data": [
      {
        "text": "switch the temperature to ",
        "userDefined": false
      },
      {
        "text": "24",
        "alias": "final-value",
        "meta": "@sys.number",
        "userDefined": false
      },
      {
        "text": " C",
        "userDefined": false
      }
    ],
    "isTemplate": false,
    "count": 1,
    "updated": 0
  },
  {
    "id": "a419f157-c661-468f-9b95-b4d46109ce17",
    "data": [
      {
        "text": "bedroom",
        "alias": "room",
        "meta": "@room",
        "userDefined": false
      },
      {
        "text": " ",
        "userDefined": false
      },
      {
        "text": "heating",
        "alias": "device",
        "meta": "@heating",
        "userDefined": false
      },
      {
        "text": " till ",
        "userDefined": false
      },
      {
        "text": "30",
        "alias": "final-value",
        "meta": "@sys.number",
        "userDefined": false
      }
    ],
    "isTemplate": false,
    "count": 0,
    "updated": 0
  },
  {
    "id": "d5629853-c671-4224-b7b6-67d025b756bc",
    "data": [
      {
        "text": "set ",
        "userDefined": false
      },
      {
        "text": "heating point",
        "alias": "device",
        "meta": "@heating",
        "userDefined": false
      },
      {
        "text": " to ",
        "userDefined": false
      },
      {
        "text": "25",
        "alias": "final-value",
        "meta": "@sys.number",
        "userDefined": false
      },
      {
        "text": " grad",
        "userDefined": false
      }
    ],
    "isTemplate": false,
    "count": 0,
    "updated": 0
  },
  {
    "id": "39180fb9-68d7-4918-906d-ea2c8ab784e6",
    "data": [
      {
        "text": "set the temp to ",
        "userDefined": false
      },
      {
        "text": "25",
        "alias": "final-value",
        "meta": "@sys.number",
        "userDefined": false
      },
      {
        "text": " degrees",
        "userDefined": false
      }
    ],
    "isTemplate": false,
    "count": 0,
    "updated": 0
  },
  {
    "id": "13a34d39-4723-4b69-a267-03ec1be265b3",
    "data": [
      {
        "text": "dial the ",
        "userDefined": false
      },
      {
        "text": "thermostat",
        "alias": "device",
        "meta": "@heating",
        "userDefined": false
      },
      {
        "text": " to ",
        "userDefined": false
      },
      {
        "text": "23",
        "alias": "final-value",
        "meta": "@sys.number",
        "userDefined": false
      },
      {
        "text": " Celsius",
        "userDefined": false
      }
    ],
    "isTemplate": false,
    "count": 1,
    "updated": 0
  },
  {
    "id": "aa92266f-5457-4b53-9ecf-2234aa2f7e4d",
    "data": [
      {
        "text": "heating",
        "alias": "device",
        "meta": "@heating",
        "userDefined": false
      },
      {
        "text": " till ",
        "userDefined": false
      },
      {
        "text": "30",
        "alias": "final-value",
        "meta": "@sys.number",
        "userDefined": false
      },
      {
        "text": " degrees",
        "userDefined": false
      }
    ],
    "isTemplate": false,
    "count": 0,
    "updated": 0
  },
  {
    "id": "c384eed8-5e3f-4bc3-afca-05dfdc579f77",
    "data": [
      {
        "text": "tweak my temperature to ",
        "userDefined": false
      },
      {
        "text": "68",
        "alias": "final-value",
        "meta": "@sys.number",
        "userDefined": false
      }
    ],
    "isTemplate": false,
    "count": 1,
    "updated": 0
  },
  {
    "id": "f680d214-a29c-41b1-bc31-f24eb84836c3",
    "data": [
      {
        "text": "set temperature at ",
        "userDefined": false
      },
      {
        "text": "22",
        "alias": "final-value",
        "meta": "@sys.number",
        "userDefined": false
      },
      {
        "text": " Celsius",
        "userDefined": false
      }
    ],
    "isTemplate": false,
    "count": 1,
    "updated": 0
  },
  {
    "id": "031a49cb-a5dd-4e91-9dcb-a736f9726b45",
    "data": [
      {
        "text": "change the ",
        "userDefined": false
      },
      {
        "text": "thermostat",
        "alias": "device",
        "meta": "@heating",
        "userDefined": false
      },
      {
        "text": " to ",
        "userDefined": false
      },
      {
        "text": "68",
        "alias": "final-value",
        "meta": "@sys.number",
        "userDefined": false
      },
      {
        "text": " Fahrenheit",
        "userDefined": false
      }
    ],
    "isTemplate": false,
    "count": 1,
    "updated": 0
  },
  {
    "id": "fcccded1-ed52-4f43-87f2-e980abb51004",
    "data": [
      {
        "text": "set the temperature at ",
        "userDefined": false
      },
      {
        "text": "75",
        "alias": "final-value",
        "meta": "@sys.number",
        "userDefined": false
      },
      {
        "text": " degrees",
        "userDefined": false
      }
    ],
    "isTemplate": false,
    "count": 0,
    "updated": 0
  }
]