[
  {
    "id": "9acfe774-a6f5-45dd-9e0e-2a3bbf11289e",
    "data": [
      {
        "text": "hotter",
        "userDefined": false
      }
    ],
    "isTemplate": false,
    "count": 0,
    "updated": 0
  },
  {
    "id": "84f0f0fb-4207-4c70-b596-e32b42172c9d",
    "data": [
      {
        "text": "still not ",
        "userDefined": false
      },
      {
        "text": "hot",
        "meta": "@sys.ignore",
        "userDefined": false
      }
    ],
    "isTemplate": false,
    "count": 0,
    "updated": 0
  },
  {
    "id": "c979121b-50c0-4a06-88dd-45bf1ee6c6fd",
    "data": [
      {
        "text": "too ",
        "userDefined": false
      },
      {
        "text": "cold",
        "meta": "@sys.ignore",
        "userDefined": false
      }
    ],
    "isTemplate": false,
    "count": 0,
    "updated": 0
  },
  {
    "id": "45116fa4-9a93-4318-a346-144be9fe8fcd",
    "data": [
      {
        "text": "make ",
        "userDefined": false
      },
      {
        "text": "it",
        "meta": "@sys.ignore",
        "userDefined": true
      },
      {
        "text": " hotter",
        "userDefined": false
      }
    ],
    "isTemplate": false,
    "count": 0,
    "updated": 0
  },
  {
    "id": "fabbef93-db87-44f3-8b2b-c143aab5bae5",
    "data": [
      {
        "text": "still not ",
        "userDefined": false
      },
      {
        "text": "warm",
        "meta": "@sys.ignore",
        "userDefined": false
      }
    ],
    "isTemplate": false,
    "count": 0,
    "updated": 0
  },
  {
    "id": "17a2a30a-bd37-4a25-86ab-e7648c677370",
    "data": [
      {
        "text": "still not ",
        "userDefined": false
      },
      {
        "text": "hot",
        "meta": "@sys.ignore",
        "userDefined": false
      },
      {
        "text": " enough",
        "userDefined": false
      }
    ],
    "isTemplate": false,
    "count": 0,
    "updated": 0
  },
  {
    "id": "77f229ec-ad85-42f9-9b8b-55afe36ad8fc",
    "data": [
      {
        "text": "still ",
        "userDefined": false
      },
      {
        "text": "cold",
        "meta": "@sys.ignore",
        "userDefined": false
      }
    ],
    "isTemplate": false,
    "count": 0,
    "updated": 0
  },
  {
    "id": "c0d78fa3-bb06-49b1-8111-899e50ea544e",
    "data": [
      {
        "text": "warmer",
        "userDefined": false
      }
    ],
    "isTemplate": false,
    "count": 0,
    "updated": 0
  },
  {
    "id": "fb3dff71-731e-4118-afe2-7af4e810dd19",
    "data": [
      {
        "text": "still not ",
        "userDefined": false
      },
      {
        "text": "warm enough",
        "meta": "@sys.ignore",
        "userDefined": false
      }
    ],
    "isTemplate": false,
    "count": 0,
    "updated": 0
  },
  {
    "id": "7a3a7886-76ca-4416-97b3-d02c48184416",
    "data": [
      {
        "text": "make ",
        "userDefined": false
      },
      {
        "text": "it",
        "meta": "@sys.ignore",
        "userDefined": true
      },
      {
        "text": " warmer",
        "userDefined": false
      }
    ],
    "isTemplate": false,
    "count": 0,
    "updated": 0
  },
  {
    "id": "6668d4da-da31-4298-8ee4-40f89eb894c8",
    "data": [
      {
        "text": "not warm enough",
        "userDefined": false
      }
    ],
    "isTemplate": false,
    "count": 0,
    "updated": 0
  },
  {
    "id": "0fcbb933-b33e-4fc7-8287-99e7538091db",
    "data": [
      {
        "text": "still I\u0027m ",
        "userDefined": false
      },
      {
        "text": "cold",
        "meta": "@sys.ignore",
        "userDefined": false
      }
    ],
    "isTemplate": false,
    "count": 0,
    "updated": 0
  }
]