[
  {
    "id": "f5b0ff28-5ee2-4972-9efb-5142529498fa",
    "data": [
      {
        "text": "hue down for ",
        "userDefined": false
      },
      {
        "text": "15",
        "alias": "change-value",
        "meta": "@sys.number",
        "userDefined": false
      },
      {
        "text": " percents in the ",
        "userDefined": false
      },
      {
        "text": "living room",
        "alias": "room",
        "meta": "@room",
        "userDefined": true
      }
    ],
    "isTemplate": false,
    "count": 0,
    "updated": 0
  },
  {
    "id": "a7b5fe89-275e-4e6f-973a-a6a7800a5f9a",
    "data": [
      {
        "text": "turn the ",
        "userDefined": false
      },
      {
        "text": "table lamp",
        "alias": "device",
        "meta": "@lights",
        "userDefined": true
      },
      {
        "text": " hue down",
        "userDefined": false
      }
    ],
    "isTemplate": false,
    "count": 0,
    "updated": 0
  },
  {
    "id": "2b09e9b0-bd17-4a57-8de6-f862aa4bd214",
    "data": [
      {
        "text": "turn the hue down",
        "userDefined": false
      }
    ],
    "isTemplate": false,
    "count": 0,
    "updated": 0
  },
  {
    "id": "a49c9cec-26aa-4a62-8fa7-09a6e36d4d46",
    "data": [
      {
        "text": "hue down",
        "userDefined": false
      }
    ],
    "isTemplate": false,
    "count": 0,
    "updated": 0
  },
  {
    "id": "690aa88f-c8ae-498c-9c1b-f2205fdabc62",
    "data": [
      {
        "text": "hue down by ",
        "userDefined": false
      },
      {
        "text": "50",
        "alias": "change-value",
        "meta": "@sys.number",
        "userDefined": true
      },
      {
        "text": " percents",
        "userDefined": false
      }
    ],
    "isTemplate": false,
    "count": 0,
    "updated": 0
  },
  {
    "id": "c0cac38a-b7f5-43fb-8abf-ee39903ad684",
    "data": [
      {
        "text": "hue down ",
        "userDefined": false
      },
      {
        "text": "everywhere",
        "alias": "all",
        "meta": "@all",
        "userDefined": true
      }
    ],
    "isTemplate": false,
    "count": 0,
    "updated": 0
  },
  {
    "id": "93476883-4ba2-4ed1-b262-82a426c1737a",
    "data": [
      {
        "text": "lights",
        "meta": "@sys.ignore",
        "userDefined": false
      },
      {
        "text": " hue down till ",
        "userDefined": false
      },
      {
        "text": "23",
        "alias": "final-value",
        "meta": "@sys.number",
        "userDefined": true
      }
    ],
    "isTemplate": false,
    "count": 0,
    "updated": 0
  },
  {
    "id": "efdbcb83-f6e5-4e13-b210-40a33ab78dac",
    "data": [
      {
        "text": "lights",
        "meta": "@sys.ignore",
        "userDefined": true
      },
      {
        "text": " hue down by ",
        "userDefined": false
      },
      {
        "text": "50",
        "alias": "change-value",
        "meta": "@sys.number",
        "userDefined": true
      },
      {
        "text": " percents",
        "userDefined": false
      }
    ],
    "isTemplate": false,
    "count": 0,
    "updated": 0
  },
  {
    "id": "fc549d1e-1c49-448b-a312-3316e576837f",
    "data": [
      {
        "text": "red",
        "alias": "color",
        "meta": "@color",
        "userDefined": true
      },
      {
        "text": " ",
        "userDefined": false
      },
      {
        "text": "lights",
        "meta": "@sys.ignore",
        "userDefined": false
      },
      {
        "text": " hue down till ",
        "userDefined": false
      },
      {
        "text": "23",
        "alias": "final-value",
        "meta": "@sys.number",
        "userDefined": true
      }
    ],
    "isTemplate": false,
    "count": 0,
    "updated": 0
  },
  {
    "id": "f171c4f4-7e10-4f5c-9d99-258f24171d20",
    "data": [
      {
        "text": "turn ",
        "userDefined": false
      },
      {
        "text": "red",
        "alias": "color",
        "meta": "@color",
        "userDefined": true
      },
      {
        "text": " ",
        "userDefined": false
      },
      {
        "text": "lights",
        "meta": "@sys.ignore",
        "userDefined": false
      },
      {
        "text": " down by ",
        "userDefined": false
      },
      {
        "text": "50",
        "alias": "change-value",
        "meta": "@sys.number",
        "userDefined": true
      },
      {
        "text": " percents",
        "userDefined": false
      }
    ],
    "isTemplate": false,
    "count": 0,
    "updated": 0
  },
  {
    "id": "43bfe591-fc70-43b7-ad00-7362ac258c3a",
    "data": [
      {
        "text": "all",
        "alias": "all",
        "meta": "@all",
        "userDefined": true
      },
      {
        "text": " ",
        "userDefined": false
      },
      {
        "text": "lights",
        "meta": "@sys.ignore",
        "userDefined": false
      },
      {
        "text": " hue down",
        "userDefined": false
      }
    ],
    "isTemplate": false,
    "count": 0,
    "updated": 0
  },
  {
    "id": "6c2e5ca2-c195-43d3-a403-6f5cc1049169",
    "data": [
      {
        "text": "hue down to ",
        "userDefined": false
      },
      {
        "text": "50",
        "alias": "change-value",
        "meta": "@sys.number",
        "userDefined": false
      }
    ],
    "isTemplate": false,
    "count": 0,
    "updated": 0
  },
  {
    "id": "471084e5-298b-49bc-8eb8-de2291807657",
    "data": [
      {
        "text": "lights",
        "meta": "@sys.ignore",
        "userDefined": false
      },
      {
        "text": " hue down to ",
        "userDefined": false
      },
      {
        "text": "50",
        "alias": "change-value",
        "meta": "@sys.number",
        "userDefined": false
      }
    ],
    "isTemplate": false,
    "count": 0,
    "updated": 0
  },
  {
    "id": "106d9c88-4861-44f9-a507-a3cdbedbe412",
    "data": [
      {
        "text": "turn down hue by ",
        "userDefined": false
      },
      {
        "text": "10",
        "alias": "change-value",
        "meta": "@sys.number",
        "userDefined": false
      },
      {
        "text": " points",
        "userDefined": false
      }
    ],
    "isTemplate": false,
    "count": 0,
    "updated": 0
  },
  {
    "id": "c3e235db-6fb0-4174-bdcd-34788e924092",
    "data": [
      {
        "text": "turn down hue till ",
        "userDefined": false
      },
      {
        "text": "10",
        "alias": "final-value",
        "meta": "@sys.number",
        "userDefined": false
      },
      {
        "text": " points",
        "userDefined": false
      }
    ],
    "isTemplate": false,
    "count": 0,
    "updated": 0
  },
  {
    "id": "19e6e296-7f49-4f40-8b27-6629bd146779",
    "data": [
      {
        "text": "turn down ",
        "userDefined": false
      },
      {
        "text": "lights",
        "meta": "@sys.ignore",
        "userDefined": false
      },
      {
        "text": " hue by ",
        "userDefined": false
      },
      {
        "text": "10",
        "alias": "change-value",
        "meta": "@sys.number",
        "userDefined": false
      },
      {
        "text": " points",
        "userDefined": false
      }
    ],
    "isTemplate": false,
    "count": 0,
    "updated": 0
  },
  {
    "id": "0fdbafda-329c-4807-8a26-37e35fb66cf8",
    "data": [
      {
        "text": "turn down ",
        "userDefined": false
      },
      {
        "text": "lights",
        "meta": "@sys.ignore",
        "userDefined": false
      },
      {
        "text": " hue till ",
        "userDefined": false
      },
      {
        "text": "10",
        "alias": "final-value",
        "meta": "@sys.number",
        "userDefined": false
      },
      {
        "text": " points",
        "userDefined": false
      }
    ],
    "isTemplate": false,
    "count": 1,
    "updated": 0
  },
  {
    "id": "26c17b82-ca6c-4de2-a723-c27279cb4bd2",
    "data": [
      {
        "text": "hue down to ",
        "userDefined": false
      },
      {
        "text": "15",
        "alias": "final-value",
        "meta": "@sys.number",
        "userDefined": false
      },
      {
        "text": " percents in the ",
        "userDefined": false
      },
      {
        "text": "living room",
        "alias": "room",
        "meta": "@room",
        "userDefined": true
      }
    ],
    "isTemplate": false,
    "count": 0,
    "updated": 0
  },
  {
    "id": "eee37d8b-98e7-4b42-94c3-fefcc5fb3e26",
    "data": [
      {
        "text": "lights",
        "meta": "@sys.ignore",
        "userDefined": false
      },
      {
        "text": " hue down for ",
        "userDefined": false
      },
      {
        "text": "15",
        "alias": "change-value",
        "meta": "@sys.number",
        "userDefined": false
      },
      {
        "text": " percents in the ",
        "userDefined": false
      },
      {
        "text": "living room",
        "alias": "room",
        "meta": "@room",
        "userDefined": true
      }
    ],
    "isTemplate": false,
    "count": 0,
    "updated": 0
  },
  {
    "id": "2fb17c96-73b8-428b-91ea-e7f506a93f10",
    "data": [
      {
        "text": "lights",
        "meta": "@sys.ignore",
        "userDefined": false
      },
      {
        "text": " hue up to ",
        "userDefined": false
      },
      {
        "text": "15",
        "alias": "final-value",
        "meta": "@sys.number",
        "userDefined": false
      },
      {
        "text": " percents in the ",
        "userDefined": false
      },
      {
        "text": "living room",
        "alias": "room",
        "meta": "@room",
        "userDefined": true
      }
    ],
    "isTemplate": false,
    "count": 0,
    "updated": 0
  },
  {
    "id": "7ea6a2ea-b721-4384-badc-fe57dc300fdd",
    "data": [
      {
        "text": "lights",
        "meta": "@sys.ignore",
        "userDefined": false
      },
      {
        "text": " hue down in the ",
        "userDefined": false
      },
      {
        "text": "kitchen",
        "alias": "room",
        "meta": "@room",
        "userDefined": false
      }
    ],
    "isTemplate": false,
    "count": 0,
    "updated": 0
  },
  {
    "id": "e65c45d4-e66a-472d-92d3-fb1d63721e86",
    "data": [
      {
        "text": "lower hue by ",
        "userDefined": false
      },
      {
        "text": "5",
        "alias": "change-value",
        "meta": "@sys.number",
        "userDefined": false
      },
      {
        "text": " points",
        "userDefined": false
      }
    ],
    "isTemplate": false,
    "count": 0,
    "updated": 0
  },
  {
    "id": "12234f06-c982-4103-8a7f-1196a1935643",
    "data": [
      {
        "text": "hue down in the ",
        "userDefined": false
      },
      {
        "text": "kitchen",
        "alias": "room",
        "meta": "@room",
        "userDefined": false
      }
    ],
    "isTemplate": false,
    "count": 0,
    "updated": 0
  },
  {
    "id": "398b1e84-2a4e-4746-9981-47681e3ba2b8",
    "data": [
      {
        "text": "turn the hue down in the ",
        "userDefined": false
      },
      {
        "text": "kitchen",
        "alias": "room",
        "meta": "@room",
        "userDefined": false
      }
    ],
    "isTemplate": false,
    "count": 0,
    "updated": 0
  },
  {
    "id": "bc40d2bd-c160-4244-8e25-387ba9f49c34",
    "data": [
      {
        "text": "make hue lower by ",
        "userDefined": false
      },
      {
        "text": "5",
        "alias": "change-value",
        "meta": "@sys.number",
        "userDefined": false
      },
      {
        "text": " points",
        "userDefined": false
      }
    ],
    "isTemplate": false,
    "count": 0,
    "updated": 0
  },
  {
    "id": "b8366565-d14d-43fa-82cd-5c4025dc18ea",
    "data": [
      {
        "text": "make hue lower by ",
        "userDefined": false
      },
      {
        "text": "5",
        "alias": "change-value",
        "meta": "@sys.number",
        "userDefined": false
      },
      {
        "text": " points in the ",
        "userDefined": false
      },
      {
        "text": "kitchen",
        "alias": "room",
        "meta": "@room",
        "userDefined": false
      }
    ],
    "isTemplate": false,
    "count": 0,
    "updated": 0
  },
  {
    "id": "78308460-f448-469b-bba1-509ebf346f49",
    "data": [
      {
        "text": "turn hue down till ",
        "userDefined": false
      },
      {
        "text": "5",
        "alias": "final-value",
        "meta": "@sys.number",
        "userDefined": false
      },
      {
        "text": " points",
        "userDefined": false
      }
    ],
    "isTemplate": false,
    "count": 0,
    "updated": 0
  },
  {
    "id": "908bc7d9-f008-4f8f-8d86-2db72b0039c8",
    "data": [
      {
        "text": "turn hue down till ",
        "userDefined": false
      },
      {
        "text": "5",
        "alias": "final-value",
        "meta": "@sys.number",
        "userDefined": false
      },
      {
        "text": " points in the ",
        "userDefined": false
      },
      {
        "text": "kitchen",
        "alias": "room",
        "meta": "@room",
        "userDefined": false
      }
    ],
    "isTemplate": false,
    "count": 0,
    "updated": 0
  }
]