[
  {
    "id": "367a6f79-698a-4eed-81dd-905063da50cd",
    "data": [
      {
        "text": "10",
        "alias": "change-value",
        "meta": "@sys.number",
        "userDefined": true
      },
      {
        "text": " more",
        "userDefined": false
      }
    ],
    "isTemplate": false,
    "count": 0,
    "updated": 0
  },
  {
    "id": "77dbeb25-7232-4b79-8561-193fff35cc5f",
    "data": [
      {
        "text": "15",
        "alias": "change-value",
        "meta": "@sys.number",
        "userDefined": true
      },
      {
        "text": " points more",
        "userDefined": false
      }
    ],
    "isTemplate": false,
    "count": 0,
    "updated": 0
  },
  {
    "id": "bbb40f0a-16df-439e-9913-84a34250ed27",
    "data": [
      {
        "text": "20",
        "alias": "change-value",
        "meta": "@sys.number",
        "userDefined": true
      },
      {
        "text": " more degrees",
        "userDefined": false
      }
    ],
    "isTemplate": false,
    "count": 0,
    "updated": 0
  },
  {
    "id": "89fa0079-f470-4e03-9bfa-fb5f34a4b9ae",
    "data": [
      {
        "text": "add ",
        "userDefined": false
      },
      {
        "text": "25",
        "alias": "change-value",
        "meta": "@sys.number",
        "userDefined": false
      },
      {
        "text": " more",
        "userDefined": false
      }
    ],
    "isTemplate": false,
    "count": 0,
    "updated": 0
  },
  {
    "id": "2c61846c-ff46-4d45-b98b-3b9c2338a5d5",
    "data": [
      {
        "text": "add more ",
        "userDefined": false
      },
      {
        "text": "30",
        "alias": "change-value",
        "meta": "@sys.number",
        "userDefined": false
      },
      {
        "text": " points",
        "userDefined": false
      }
    ],
    "isTemplate": false,
    "count": 0,
    "updated": 0
  },
  {
    "id": "e0b11bed-dcad-459a-8db2-87d9a8bbd3d8",
    "data": [
      {
        "text": "more ",
        "userDefined": false
      },
      {
        "text": "30",
        "alias": "change-value",
        "meta": "@sys.number",
        "userDefined": false
      },
      {
        "text": " points",
        "userDefined": false
      }
    ],
    "isTemplate": false,
    "count": 0,
    "updated": 0
  },
  {
    "id": "e0f9a8d8-7716-4f19-80b0-85a25723de74",
    "data": [
      {
        "text": "add ",
        "userDefined": false
      },
      {
        "text": "35",
        "alias": "change-value",
        "meta": "@sys.number",
        "userDefined": false
      },
      {
        "text": " grad more",
        "userDefined": false
      }
    ],
    "isTemplate": false,
    "count": 0,
    "updated": 0
  },
  {
    "id": "387e7acc-1497-4773-8870-950360e31235",
    "data": [
      {
        "text": "35",
        "alias": "change-value",
        "meta": "@sys.number",
        "userDefined": false
      },
      {
        "text": " grads more",
        "userDefined": false
      }
    ],
    "isTemplate": false,
    "count": 0,
    "updated": 0
  },
  {
    "id": "da18bf6a-04ff-458f-a923-2b3bd0e7db50",
    "data": [
      {
        "text": "turn ",
        "userDefined": false
      },
      {
        "text": "it",
        "meta": "@sys.ignore",
        "userDefined": false
      },
      {
        "text": " up by ",
        "userDefined": false
      },
      {
        "text": "15",
        "alias": "change-value",
        "meta": "@sys.number",
        "userDefined": false
      },
      {
        "text": " degrees",
        "userDefined": false
      }
    ],
    "isTemplate": false,
    "count": 0,
    "updated": 0
  },
  {
    "id": "4e4f0d58-11f2-4c44-86f2-ce38e832b59b",
    "data": [
      {
        "text": "10",
        "alias": "change-value",
        "meta": "@sys.number",
        "userDefined": true
      },
      {
        "text": " less",
        "userDefined": false
      }
    ],
    "isTemplate": false,
    "count": 0,
    "updated": 0
  },
  {
    "id": "9d8b20ea-f1c1-4d71-a518-de30db405e8e",
    "data": [
      {
        "text": "15",
        "alias": "change-value",
        "meta": "@sys.number",
        "userDefined": true
      },
      {
        "text": " points less",
        "userDefined": false
      }
    ],
    "isTemplate": false,
    "count": 0,
    "updated": 0
  },
  {
    "id": "66f97aa4-7084-4abe-be69-fe341fd5e33b",
    "data": [
      {
        "text": "turn it down by ",
        "userDefined": false
      },
      {
        "text": "15",
        "alias": "change-value",
        "meta": "@sys.number",
        "userDefined": true
      },
      {
        "text": " degrees",
        "userDefined": false
      }
    ],
    "isTemplate": false,
    "count": 0,
    "updated": 0
  }
]