[
  {
    "id": "8974f023-ab2b-4c0a-b6e8-23bc7492dfb1",
    "data": [
      {
        "text": "the ",
        "userDefined": false
      },
      {
        "text": "computer",
        "alias": "device",
        "meta": "@device",
        "userDefined": true
      },
      {
        "text": " screen is too bright",
        "userDefined": false
      }
    ],
    "isTemplate": false,
    "count": 0,
    "updated": 0
  },
  {
    "id": "fa4274a2-9a57-4a38-b2d2-cad40b9c171e",
    "data": [
      {
        "text": "it\u0027s bright",
        "userDefined": false
      }
    ],
    "isTemplate": false,
    "count": 0,
    "updated": 0
  },
  {
    "id": "d94af615-5843-4e15-9649-f03773f34bf8",
    "data": [
      {
        "text": "it\u0027s too bright",
        "userDefined": false
      }
    ],
    "isTemplate": false,
    "count": 0,
    "updated": 0
  },
  {
    "id": "87c7bc48-fd74-4253-8d80-3b911d03bf2f",
    "data": [
      {
        "text": "the ",
        "userDefined": false
      },
      {
        "text": "kitchen",
        "alias": "room",
        "meta": "@room",
        "userDefined": true
      },
      {
        "text": " ",
        "userDefined": false
      },
      {
        "text": "TV",
        "alias": "device",
        "meta": "@device",
        "userDefined": true
      },
      {
        "text": " is too bright",
        "userDefined": false
      }
    ],
    "isTemplate": false,
    "count": 0,
    "updated": 0
  },
  {
    "id": "a0bc2f23-d73d-4d74-9f79-84494085e292",
    "data": [
      {
        "text": "kitchen",
        "alias": "room",
        "meta": "@room",
        "userDefined": true
      },
      {
        "text": " ",
        "userDefined": false
      },
      {
        "text": "TV",
        "alias": "device",
        "meta": "@device",
        "userDefined": true
      },
      {
        "text": " is too bright",
        "userDefined": false
      }
    ],
    "isTemplate": false,
    "count": 0,
    "updated": 0
  },
  {
    "id": "78513b4b-ef87-479c-9085-24c49fac33e1",
    "data": [
      {
        "text": "TV",
        "alias": "device",
        "meta": "@device",
        "userDefined": true
      },
      {
        "text": " brightness is too much ",
        "userDefined": false
      },
      {
        "text": "everywhere",
        "alias": "all",
        "meta": "@all",
        "userDefined": true
      },
      {
        "text": " in the house",
        "userDefined": false
      }
    ],
    "isTemplate": false,
    "count": 0,
    "updated": 0
  }
]