[
  {
    "id": "f0fa5a28-9ae7-4f77-9988-5e5c1737ad85",
    "data": [
      {
        "text": "and ",
        "userDefined": false
      },
      {
        "text": "tv",
        "alias": "device",
        "meta": "@device",
        "userDefined": false
      }
    ],
    "isTemplate": false,
    "count": 0,
    "updated": 0
  },
  {
    "id": "6a62ad9c-896a-4e4a-905c-f445149a3ae1",
    "data": [
      {
        "text": "and the ",
        "userDefined": false
      },
      {
        "text": "video player",
        "alias": "device",
        "meta": "@device",
        "userDefined": false
      },
      {
        "text": " too please",
        "userDefined": false
      }
    ],
    "isTemplate": false,
    "count": 0,
    "updated": 0
  },
  {
    "id": "c1f19bd6-87d9-46a8-8c67-e2490fbeee60",
    "data": [
      {
        "text": "also the ",
        "userDefined": false
      },
      {
        "text": "air conditioner",
        "alias": "device",
        "meta": "@device",
        "userDefined": true
      }
    ],
    "isTemplate": false,
    "count": 0,
    "updated": 0
  },
  {
    "id": "07d6766a-8e61-465f-a681-dd30b46b49a7",
    "data": [
      {
        "text": "video player",
        "alias": "device",
        "meta": "@device",
        "userDefined": false
      }
    ],
    "isTemplate": false,
    "count": 0,
    "updated": 0
  },
  {
    "id": "301d67aa-3eff-43bb-a132-c1f81825dec1",
    "data": [
      {
        "text": "what about ",
        "userDefined": false
      },
      {
        "text": "thermostat",
        "alias": "device",
        "meta": "@device",
        "userDefined": false
      }
    ],
    "isTemplate": false,
    "count": 0,
    "updated": 0
  },
  {
    "id": "5fca2765-623d-4470-86ab-f5c8b36d8838",
    "data": [
      {
        "text": "video player",
        "alias": "device",
        "meta": "@device",
        "userDefined": false
      },
      {
        "text": " too",
        "userDefined": false
      }
    ],
    "isTemplate": false,
    "count": 0,
    "updated": 0
  },
  {
    "id": "9c4183e6-38e4-414f-ae58-00e290d63e25",
    "data": [
      {
        "text": "and ",
        "userDefined": false
      },
      {
        "text": "air conditioner",
        "alias": "device",
        "meta": "@device",
        "userDefined": false
      }
    ],
    "isTemplate": false,
    "count": 0,
    "updated": 0
  }
]