[
  {
    "id": "586fe4e1-c0c0-4393-b432-251789f528f0",
    "data": [
      {
        "text": "the air is too ",
        "userDefined": false
      },
      {
        "text": "hot",
        "meta": "@sys.ignore",
        "userDefined": true
      }
    ],
    "isTemplate": false,
    "count": 0,
    "updated": 0
  },
  {
    "id": "46682bde-4bdb-4ac3-b8b2-339fb28673f6",
    "data": [
      {
        "text": "I\u0027m hot",
        "userDefined": false
      }
    ],
    "isTemplate": false,
    "count": 1,
    "updated": 0
  },
  {
    "id": "1b7a2ec8-75ed-407d-a3fd-e5179a068d5e",
    "data": [
      {
        "text": "too ",
        "userDefined": false
      },
      {
        "text": "hot",
        "meta": "@sys.ignore",
        "userDefined": true
      },
      {
        "text": " in ",
        "userDefined": false
      },
      {
        "text": "all",
        "alias": "all",
        "meta": "@all",
        "userDefined": true
      },
      {
        "text": " rooms",
        "userDefined": false
      }
    ],
    "isTemplate": false,
    "count": 0,
    "updated": 0
  },
  {
    "id": "c6f2d68e-be40-47e7-80c5-bc1de10fbfd3",
    "data": [
      {
        "text": "it",
        "meta": "@sys.ignore",
        "userDefined": true
      },
      {
        "text": "\u0027s ",
        "userDefined": false
      },
      {
        "text": "hot",
        "meta": "@sys.ignore",
        "userDefined": true
      },
      {
        "text": " in here",
        "userDefined": false
      }
    ],
    "isTemplate": false,
    "count": 0,
    "updated": 0
  },
  {
    "id": "73919d07-b7e8-4f34-9ce8-6d01ad2abcf0",
    "data": [
      {
        "text": "it",
        "meta": "@sys.ignore",
        "userDefined": true
      },
      {
        "text": "\u0027s too ",
        "userDefined": false
      },
      {
        "text": "hot",
        "meta": "@sys.ignore",
        "userDefined": true
      },
      {
        "text": " in here",
        "userDefined": false
      }
    ],
    "isTemplate": false,
    "count": 0,
    "updated": 0
  },
  {
    "id": "25c2a9ba-6c70-4b73-a2c6-9b2065315124",
    "data": [
      {
        "text": "too ",
        "userDefined": false
      },
      {
        "text": "hot",
        "meta": "@sys.ignore",
        "userDefined": true
      },
      {
        "text": " in the ",
        "userDefined": false
      },
      {
        "text": "kitchen",
        "alias": "room",
        "meta": "@room",
        "userDefined": true
      }
    ],
    "isTemplate": false,
    "count": 0,
    "updated": 0
  },
  {
    "id": "3601446f-3698-4d55-a006-052ba020de6b",
    "data": [
      {
        "text": "too ",
        "userDefined": false
      },
      {
        "text": "hot",
        "meta": "@sys.ignore",
        "userDefined": true
      }
    ],
    "isTemplate": false,
    "count": 0,
    "updated": 0
  },
  {
    "id": "6db4ee18-c032-43f9-a0ba-554e7bd6e437",
    "data": [
      {
        "text": "too ",
        "userDefined": false
      },
      {
        "text": "warm",
        "meta": "@sys.ignore",
        "userDefined": true
      }
    ],
    "isTemplate": false,
    "count": 0,
    "updated": 0
  },
  {
    "id": "2ed6275e-e1dd-439a-b2ae-5871c0dbf0b4",
    "data": [
      {
        "text": "it s hot",
        "userDefined": false
      }
    ],
    "isTemplate": false,
    "count": 0,
    "updated": 0
  },
  {
    "id": "606de9aa-e054-4531-8b44-bfacca5cd940",
    "data": [
      {
        "text": "it is hot in the ",
        "userDefined": false
      },
      {
        "text": "kitchen",
        "alias": "room",
        "meta": "@room",
        "userDefined": true
      }
    ],
    "isTemplate": false,
    "count": 0,
    "updated": 0
  },
  {
    "id": "eadd82dc-bf29-4d3b-9452-75170d9ab856",
    "data": [
      {
        "text": "I\u0027m getting hot",
        "userDefined": false
      }
    ],
    "isTemplate": false,
    "count": 0,
    "updated": 0
  },
  {
    "id": "5f1bf0a4-d039-4344-9036-3fa228eaf961",
    "data": [
      {
        "text": "I\u0027m feeling hot",
        "userDefined": false
      }
    ],
    "isTemplate": false,
    "count": 0,
    "updated": 0
  },
  {
    "id": "e45ed442-2d19-443a-8907-99af496b1c32",
    "data": [
      {
        "text": "it\u0027s very hot",
        "userDefined": false
      }
    ],
    "isTemplate": false,
    "count": 0,
    "updated": 0
  },
  {
    "id": "5f169724-89ad-4758-99fc-8aabbaa1a8fd",
    "data": [
      {
        "text": "it\u0027s very hot here",
        "userDefined": false
      }
    ],
    "isTemplate": false,
    "count": 1,
    "updated": 0
  },
  {
    "id": "b31ec1a6-e1f2-4bd3-b518-15c368ae1cba",
    "data": [
      {
        "text": "it is really hot here",
        "userDefined": false
      }
    ],
    "isTemplate": false,
    "count": 0,
    "updated": 0
  },
  {
    "id": "d702820a-9126-4d9a-bf96-602847c7ba00",
    "data": [
      {
        "text": "it is really hot",
        "userDefined": false
      }
    ],
    "isTemplate": false,
    "count": 0,
    "updated": 0
  },
  {
    "id": "747c70ad-20ca-45e7-99c7-70519c43665e",
    "data": [
      {
        "text": "it is too hot",
        "userDefined": false
      }
    ],
    "isTemplate": false,
    "count": 0,
    "updated": 0
  },
  {
    "id": "0b92ce8a-8115-4fe0-8f76-bc68653dbb39",
    "data": [
      {
        "text": "it\u0027s too hot in here",
        "userDefined": false
      }
    ],
    "isTemplate": false,
    "count": 0,
    "updated": 0
  },
  {
    "id": "1044b5e8-f1a6-4a37-a3fa-8ffbe18c1a13",
    "data": [
      {
        "text": "it\u0027s too warm here",
        "userDefined": false
      }
    ],
    "isTemplate": false,
    "count": 0,
    "updated": 0
  },
  {
    "id": "022df4c8-c01d-4da5-8ae2-9573d81b44b4",
    "data": [
      {
        "text": "it is too warm in here",
        "userDefined": false
      }
    ],
    "isTemplate": false,
    "count": 0,
    "updated": 0
  }
]