[
  {
    "id": "c04af199-66db-4855-b667-7e55f620e946",
    "data": [
      {
        "text": "turn",
        "meta": "@sys.ignore",
        "userDefined": true
      },
      {
        "text": " ",
        "userDefined": false
      },
      {
        "text": "all",
        "alias": "all",
        "meta": "@all",
        "userDefined": true
      },
      {
        "text": " ",
        "userDefined": false
      },
      {
        "text": "decorations",
        "alias": "device",
        "meta": "@device",
        "userDefined": true
      },
      {
        "text": " brightness ",
        "userDefined": false
      },
      {
        "text": "down",
        "meta": "@sys.ignore",
        "userDefined": true
      },
      {
        "text": " ",
        "userDefined": false
      },
      {
        "text": "everyday",
        "alias": "recurrence",
        "meta": "@recurrence",
        "userDefined": true
      },
      {
        "text": " ",
        "userDefined": false
      },
      {
        "text": "at 8 pm",
        "alias": "date-time",
        "meta": "@sys.date-time",
        "userDefined": true
      }
    ],
    "isTemplate": false,
    "count": 0,
    "updated": 0
  },
  {
    "id": "ad5aeea4-8aa0-492b-a21d-49e53e0a23e6",
    "data": [
      {
        "text": "dim all ",
        "userDefined": false
      },
      {
        "text": "decorations",
        "alias": "device",
        "meta": "@device",
        "userDefined": true
      },
      {
        "text": " ",
        "userDefined": false
      },
      {
        "text": "when",
        "meta": "@sys.ignore",
        "userDefined": true
      },
      {
        "text": " I ",
        "userDefined": false
      },
      {
        "text": "leave",
        "alias": "condition",
        "meta": "@condition",
        "userDefined": true
      }
    ],
    "isTemplate": false,
    "count": 0,
    "updated": 0
  },
  {
    "id": "296aacc4-4d7a-4dec-bf73-c5650264215f",
    "data": [
      {
        "text": "turn the ",
        "userDefined": false
      },
      {
        "text": "decorations",
        "alias": "device",
        "meta": "@device",
        "userDefined": true
      },
      {
        "text": " down at ",
        "userDefined": false
      },
      {
        "text": "midnight",
        "alias": "date-time",
        "meta": "@sys.date-time",
        "userDefined": true
      },
      {
        "text": " in the ",
        "userDefined": false
      },
      {
        "text": "kitchen",
        "alias": "room",
        "meta": "@room",
        "userDefined": true
      }
    ],
    "isTemplate": false,
    "count": 0,
    "updated": 0
  },
  {
    "id": "1369801f-4d1f-4e59-82d2-6f238bb887b6",
    "data": [
      {
        "text": "dim ",
        "userDefined": false
      },
      {
        "text": "all",
        "alias": "all",
        "meta": "@all",
        "userDefined": true
      },
      {
        "text": " the ",
        "userDefined": false
      },
      {
        "text": "PC",
        "alias": "device",
        "meta": "@device",
        "userDefined": true
      },
      {
        "text": " screens ",
        "userDefined": false
      },
      {
        "text": "at 11 pm",
        "alias": "date-time",
        "meta": "@sys.date-time",
        "userDefined": true
      }
    ],
    "isTemplate": false,
    "count": 0,
    "updated": 0
  }
]