[
  {
    "id": "61c13f54-eeb3-4f5c-a522-b4b02b79e463",
    "data": [
      {
        "text": "check ",
        "userDefined": false
      },
      {
        "text": "all",
        "alias": "all",
        "meta": "@all",
        "userDefined": true
      },
      {
        "text": " ",
        "userDefined": false
      },
      {
        "text": "doors",
        "alias": "lock",
        "meta": "@lock",
        "userDefined": true
      },
      {
        "text": " status",
        "userDefined": false
      }
    ],
    "isTemplate": false,
    "count": 0,
    "updated": 0
  },
  {
    "id": "a91edcc0-5e95-4a6b-8d2a-6ca4bb160853",
    "data": [
      {
        "text": "check ",
        "userDefined": false
      },
      {
        "text": "all",
        "alias": "all",
        "meta": "@all",
        "userDefined": true
      },
      {
        "text": " ",
        "userDefined": false
      },
      {
        "text": "windows",
        "alias": "lock",
        "meta": "@lock",
        "userDefined": true
      }
    ],
    "isTemplate": false,
    "count": 0,
    "updated": 0
  },
  {
    "id": "b85417fe-1f7d-4534-bf6f-931f7c56a975",
    "data": [
      {
        "text": "front door",
        "alias": "lock",
        "meta": "@lock",
        "userDefined": true
      },
      {
        "text": " status",
        "userDefined": false
      }
    ],
    "isTemplate": false,
    "count": 0,
    "updated": 0
  },
  {
    "id": "bf16c429-a66e-4e90-979f-1c7531b0961b",
    "data": [
      {
        "text": "garage",
        "alias": "room",
        "meta": "@room",
        "userDefined": true
      },
      {
        "text": " ",
        "userDefined": false
      },
      {
        "text": "window",
        "alias": "lock",
        "meta": "@lock",
        "userDefined": true
      },
      {
        "text": " status",
        "userDefined": false
      }
    ],
    "isTemplate": false,
    "count": 0,
    "updated": 0
  },
  {
    "id": "71a625b0-e290-40dd-9b22-3ed961de1f27",
    "data": [
      {
        "text": "status of ",
        "userDefined": false
      },
      {
        "text": "front door",
        "alias": "lock",
        "meta": "@lock",
        "userDefined": true
      }
    ],
    "isTemplate": false,
    "count": 0,
    "updated": 0
  },
  {
    "id": "55b0bdce-cf5b-451a-95c2-843c2422aac9",
    "data": [
      {
        "text": "status of ",
        "userDefined": false
      },
      {
        "text": "garage",
        "alias": "room",
        "meta": "@room",
        "userDefined": false
      },
      {
        "text": " ",
        "userDefined": false
      },
      {
        "text": "windows",
        "alias": "lock",
        "meta": "@lock",
        "userDefined": false
      }
    ],
    "isTemplate": false,
    "count": 0,
    "updated": 0
  }
]