[
  {
    "id": "b0dcdf6f-aa27-4a28-8e55-09bf37791c73",
    "data": [
      {
        "text": "what is the temperature in the ",
        "userDefined": false
      },
      {
        "text": "living room",
        "alias": "room",
        "meta": "@room",
        "userDefined": true
      }
    ],
    "isTemplate": false,
    "count": 0,
    "updated": 0
  },
  {
    "id": "615b1a09-61d0-4abb-b21b-34fe6006e598",
    "data": [
      {
        "text": "can you check the temperature in ",
        "userDefined": false
      },
      {
        "text": "kids room",
        "alias": "room",
        "meta": "@room",
        "userDefined": true
      }
    ],
    "isTemplate": false,
    "count": 0,
    "updated": 0
  },
  {
    "id": "35cd3d01-5dde-477b-9083-2af17a3dc34a",
    "data": [
      {
        "text": "can you report the temperature in ",
        "userDefined": false
      },
      {
        "text": "bedroom",
        "alias": "room",
        "meta": "@room",
        "userDefined": true
      },
      {
        "text": " please",
        "userDefined": false
      }
    ],
    "isTemplate": false,
    "count": 0,
    "updated": 0
  },
  {
    "id": "6273fab6-ffa9-46d3-aafb-e30acbc77ac1",
    "data": [
      {
        "text": "check the ",
        "userDefined": false
      },
      {
        "text": "heating",
        "alias": "device",
        "meta": "@heating",
        "userDefined": true
      }
    ],
    "isTemplate": false,
    "count": 0,
    "updated": 0
  },
  {
    "id": "fc6c8fa5-32a8-4e1f-9318-819a4f7e930b",
    "data": [
      {
        "text": "tell me the temperature in ",
        "userDefined": false
      },
      {
        "text": "all",
        "alias": "all",
        "meta": "@all",
        "userDefined": true
      },
      {
        "text": " rooms",
        "userDefined": false
      }
    ],
    "isTemplate": false,
    "count": 0,
    "updated": 0
  },
  {
    "id": "29b6f38f-9d19-49d0-bb0b-56f725f1b2ce",
    "data": [
      {
        "text": "temperature in ",
        "userDefined": false
      },
      {
        "text": "kitchen",
        "alias": "room",
        "meta": "@room",
        "userDefined": true
      }
    ],
    "isTemplate": false,
    "count": 0,
    "updated": 0
  },
  {
    "id": "7ca675a7-7670-4fbb-9e49-71cda548d24d",
    "data": [
      {
        "text": "what\u0027s the temperature in the ",
        "userDefined": false
      },
      {
        "text": "living room",
        "alias": "room",
        "meta": "@room",
        "userDefined": true
      }
    ],
    "isTemplate": false,
    "count": 0,
    "updated": 0
  },
  {
    "id": "36418dde-483f-470f-8586-50390b27986d",
    "data": [
      {
        "text": "is ",
        "userDefined": false
      },
      {
        "text": "temperature",
        "meta": "@sys.ignore",
        "userDefined": true
      },
      {
        "text": " in ",
        "userDefined": false
      },
      {
        "text": "bedroom",
        "alias": "room",
        "meta": "@room",
        "userDefined": true
      },
      {
        "text": " ",
        "userDefined": false
      },
      {
        "text": "20",
        "alias": "value",
        "meta": "@sys.number",
        "userDefined": true
      },
      {
        "text": " degrees",
        "userDefined": false
      }
    ],
    "isTemplate": false,
    "count": 0,
    "updated": 0
  },
  {
    "id": "a574188c-780f-44e8-891c-6177a1ea6fe9",
    "data": [
      {
        "text": "what\u0027s the temperature",
        "userDefined": false
      }
    ],
    "isTemplate": false,
    "count": 0,
    "updated": 0
  },
  {
    "id": "49e3bddb-4774-48f9-901f-c9eede9c6766",
    "data": [
      {
        "text": "check ",
        "userDefined": false
      },
      {
        "text": "heating",
        "alias": "device",
        "meta": "@heating",
        "userDefined": true
      },
      {
        "text": " in the ",
        "userDefined": false
      },
      {
        "text": "kitchen",
        "alias": "room",
        "meta": "@room",
        "userDefined": true
      }
    ],
    "isTemplate": false,
    "count": 0,
    "updated": 0
  },
  {
    "id": "9f9e0457-1afd-4852-aae7-5977b1295cf8",
    "data": [
      {
        "text": "what is the temperature in ",
        "userDefined": false
      },
      {
        "text": "bedroom",
        "alias": "room",
        "meta": "@room",
        "userDefined": true
      }
    ],
    "isTemplate": false,
    "count": 0,
    "updated": 0
  },
  {
    "id": "fd19122a-4cde-4f3e-b8fc-58a9579f1349",
    "data": [
      {
        "text": "check temperature in the ",
        "userDefined": false
      },
      {
        "text": "bedroom",
        "alias": "room",
        "meta": "@room",
        "userDefined": true
      }
    ],
    "isTemplate": false,
    "count": 0,
    "updated": 0
  },
  {
    "id": "c3389d8a-931c-4b20-b1e9-1ca982704b14",
    "data": [
      {
        "text": "what is the temp",
        "userDefined": false
      }
    ],
    "isTemplate": false,
    "count": 0,
    "updated": 0
  },
  {
    "id": "32112e93-ddbf-459f-a687-b893b0683bf0",
    "data": [
      {
        "text": "what\u0027s the temperature ",
        "userDefined": false
      },
      {
        "text": "everywhere",
        "alias": "all",
        "meta": "@all",
        "userDefined": true
      }
    ],
    "isTemplate": false,
    "count": 0,
    "updated": 0
  },
  {
    "id": "80a7de12-1209-4804-9d10-1272f97bf5cf",
    "data": [
      {
        "text": "tell me the temperature for ",
        "userDefined": false
      },
      {
        "text": "dining room",
        "alias": "room",
        "meta": "@room",
        "userDefined": true
      }
    ],
    "isTemplate": false,
    "count": 0,
    "updated": 0
  },
  {
    "id": "0b8ada59-21be-46b4-8fe4-7e995530acbe",
    "data": [
      {
        "text": "report the temperature in ",
        "userDefined": false
      },
      {
        "text": "bedroom",
        "alias": "room",
        "meta": "@room",
        "userDefined": true
      }
    ],
    "isTemplate": false,
    "count": 0,
    "updated": 0
  },
  {
    "id": "a475ba2e-9033-47bc-97be-c01225d163f6",
    "data": [
      {
        "text": "what is ",
        "userDefined": false
      },
      {
        "text": "cooling point",
        "alias": "device",
        "meta": "@heating",
        "userDefined": true
      },
      {
        "text": " set as",
        "userDefined": false
      }
    ],
    "isTemplate": false,
    "count": 0,
    "updated": 0
  },
  {
    "id": "9c9adace-fe66-4236-a056-18d9b06fa453",
    "data": [
      {
        "text": "is ",
        "userDefined": false
      },
      {
        "text": "temperature",
        "meta": "@sys.ignore",
        "userDefined": true
      },
      {
        "text": " ",
        "userDefined": false
      },
      {
        "text": "20",
        "alias": "value",
        "meta": "@sys.number",
        "userDefined": true
      },
      {
        "text": " degrees",
        "userDefined": false
      }
    ],
    "isTemplate": false,
    "count": 0,
    "updated": 0
  },
  {
    "id": "b4c56661-44f7-4e83-a14c-69b95e9d8875",
    "data": [
      {
        "text": "check ",
        "userDefined": false
      },
      {
        "text": "kitchen",
        "alias": "room",
        "meta": "@room",
        "userDefined": true
      },
      {
        "text": " ",
        "userDefined": false
      },
      {
        "text": "temperature",
        "meta": "@sys.ignore",
        "userDefined": true
      }
    ],
    "isTemplate": false,
    "count": 0,
    "updated": 0
  },
  {
    "id": "ab9d3e30-aa8e-4b0f-b66c-041ebfd7ccec",
    "data": [
      {
        "text": "what s the temperature in the ",
        "userDefined": false
      },
      {
        "text": "kitchen",
        "alias": "room",
        "meta": "@room",
        "userDefined": true
      }
    ],
    "isTemplate": false,
    "count": 0,
    "updated": 0
  },
  {
    "id": "df0bf1d7-ff98-409d-b897-5242dcc00cde",
    "data": [
      {
        "text": "report the temperature in ",
        "userDefined": false
      },
      {
        "text": "kids room",
        "alias": "room",
        "meta": "@room",
        "userDefined": true
      }
    ],
    "isTemplate": false,
    "count": 0,
    "updated": 0
  },
  {
    "id": "2827ff49-8a91-4307-8709-af96f17036e5",
    "data": [
      {
        "text": "tell me the temp level",
        "userDefined": false
      }
    ],
    "isTemplate": false,
    "count": 0,
    "updated": 0
  },
  {
    "id": "90109466-e283-431f-b506-3dbc739e49e8",
    "data": [
      {
        "text": "tell me what\u0027s the temperature in ",
        "userDefined": false
      },
      {
        "text": "dining room",
        "alias": "room",
        "meta": "@room",
        "userDefined": true
      },
      {
        "text": " now",
        "userDefined": false
      }
    ],
    "isTemplate": false,
    "count": 0,
    "updated": 0
  },
  {
    "id": "78296695-7ebd-44f8-8c9e-d5d909a07468",
    "data": [
      {
        "text": "what is the temperature",
        "userDefined": false
      }
    ],
    "isTemplate": false,
    "count": 0,
    "updated": 0
  },
  {
    "id": "37a2aaca-bbc9-479a-8c01-9975f74ca5f2",
    "data": [
      {
        "text": "check temperature at ",
        "userDefined": false
      },
      {
        "text": "home",
        "meta": "@sys.ignore",
        "userDefined": true
      }
    ],
    "isTemplate": false,
    "count": 1,
    "updated": 0
  },
  {
    "id": "927a27a5-b2dd-40f7-ad12-904422c54432",
    "data": [
      {
        "text": "report the temperature in ",
        "userDefined": false
      },
      {
        "text": "bedroom",
        "alias": "room",
        "meta": "@room",
        "userDefined": true
      },
      {
        "text": " please",
        "userDefined": false
      }
    ],
    "isTemplate": false,
    "count": 0,
    "updated": 0
  },
  {
    "id": "be50f739-09be-4245-8e59-701abdfd3fb3",
    "data": [
      {
        "text": "what is the temperature of ",
        "userDefined": false
      },
      {
        "text": "motion sensor",
        "alias": "device",
        "meta": "@heating",
        "userDefined": true
      }
    ],
    "isTemplate": false,
    "count": 0,
    "updated": 0
  },
  {
    "id": "3367004f-77a2-45d2-9c47-5f7c4987b3b9",
    "data": [
      {
        "text": "check temperature in the ",
        "userDefined": false
      },
      {
        "text": "kitchen",
        "alias": "room",
        "meta": "@room",
        "userDefined": true
      }
    ],
    "isTemplate": false,
    "count": 1,
    "updated": 0
  },
  {
    "id": "ecc4aefb-9c0e-4dc8-b36c-b7e5c2928ab5",
    "data": [
      {
        "text": "can you report the temperature in ",
        "userDefined": false
      },
      {
        "text": "bedroom",
        "alias": "room",
        "meta": "@room",
        "userDefined": true
      },
      {
        "text": " now",
        "userDefined": false
      }
    ],
    "isTemplate": false,
    "count": 0,
    "updated": 0
  },
  {
    "id": "acdd9a53-498e-4eb0-bdcd-256268e545cc",
    "data": [
      {
        "text": "is temperature high",
        "userDefined": false
      }
    ],
    "isTemplate": false,
    "count": 0,
    "updated": 0
  },
  {
    "id": "1b60de1e-114c-4150-93c5-8e31444eae3f",
    "data": [
      {
        "text": "please check ",
        "userDefined": false
      },
      {
        "text": "bedroom\u0027s",
        "alias": "room",
        "meta": "@room",
        "userDefined": true
      },
      {
        "text": " temperature",
        "userDefined": false
      }
    ],
    "isTemplate": false,
    "count": 0,
    "updated": 0
  },
  {
    "id": "b5fdd136-757f-41ed-9460-97f46f37a0cc",
    "data": [
      {
        "text": "tell me the temperature",
        "userDefined": false
      }
    ],
    "isTemplate": false,
    "count": 0,
    "updated": 0
  },
  {
    "id": "008fce1b-cfbf-4199-947f-756b56215240",
    "data": [
      {
        "text": "please check the temperature in ",
        "userDefined": false
      },
      {
        "text": "kids room",
        "alias": "room",
        "meta": "@room",
        "userDefined": true
      }
    ],
    "isTemplate": false,
    "count": 0,
    "updated": 0
  },
  {
    "id": "52c1769b-5de4-4ce5-8b97-cdcf1ccbb07e",
    "data": [
      {
        "text": "can you report the temperature in ",
        "userDefined": false
      },
      {
        "text": "bedroom",
        "alias": "room",
        "meta": "@room",
        "userDefined": true
      },
      {
        "text": " for me",
        "userDefined": false
      }
    ],
    "isTemplate": false,
    "count": 0,
    "updated": 0
  },
  {
    "id": "70746815-bb7d-4fe6-b3de-bb0d295f5fd7",
    "data": [
      {
        "text": "what\u0027s the ",
        "userDefined": false
      },
      {
        "text": "temperature",
        "meta": "@sys.ignore",
        "userDefined": true
      }
    ],
    "isTemplate": false,
    "count": 0,
    "updated": 0
  },
  {
    "id": "6dcf91ad-cbe6-4d69-9ee7-3993b063b1c5",
    "data": [
      {
        "text": "is temp ",
        "userDefined": false
      },
      {
        "text": "25",
        "alias": "value",
        "meta": "@sys.number",
        "userDefined": true
      },
      {
        "text": " degrees",
        "userDefined": false
      }
    ],
    "isTemplate": false,
    "count": 0,
    "updated": 0
  },
  {
    "id": "568556b6-3598-4a9a-af60-497e4cc7bc52",
    "data": [
      {
        "text": "what\u0027s the temperature in ",
        "userDefined": false
      },
      {
        "text": "bedroom",
        "alias": "room",
        "meta": "@room",
        "userDefined": true
      }
    ],
    "isTemplate": false,
    "count": 0,
    "updated": 0
  },
  {
    "id": "db27a838-94f2-4741-8dff-cf106159a1d1",
    "data": [
      {
        "text": "tell me the temperature in ",
        "userDefined": false
      },
      {
        "text": "dining room",
        "alias": "room",
        "meta": "@room",
        "userDefined": true
      }
    ],
    "isTemplate": false,
    "count": 0,
    "updated": 0
  },
  {
    "id": "896392be-3d92-4a62-b3a2-e0d0026d12da",
    "data": [
      {
        "text": "can you report the temperature in ",
        "userDefined": false
      },
      {
        "text": "kids room",
        "alias": "room",
        "meta": "@room",
        "userDefined": true
      }
    ],
    "isTemplate": false,
    "count": 0,
    "updated": 0
  }
]