[
  {
    "id": "19714ce2-26fe-41c9-b250-8713cf695f9f",
    "data": [
      {
        "text": "not bright enough",
        "userDefined": false
      }
    ],
    "isTemplate": false,
    "count": 0,
    "updated": 0
  },
  {
    "id": "cf0ee58f-213c-461e-9f44-f1f1842d5683",
    "data": [
      {
        "text": "still dark",
        "userDefined": false
      }
    ],
    "isTemplate": false,
    "count": 0,
    "updated": 0
  },
  {
    "id": "e1a7dac2-08a7-4f51-9b1b-fc5826192a24",
    "data": [
      {
        "text": "too dark",
        "userDefined": false
      }
    ],
    "isTemplate": false,
    "count": 0,
    "updated": 0
  },
  {
    "id": "3c76cddd-d984-4745-9384-da680e9dbddc",
    "data": [
      {
        "text": "make brighter",
        "userDefined": false
      }
    ],
    "isTemplate": false,
    "count": 0,
    "updated": 0
  },
  {
    "id": "07c6eb09-2864-4eeb-b399-e97e5659ca65",
    "data": [
      {
        "text": "brighter",
        "userDefined": false
      }
    ],
    "isTemplate": false,
    "count": 0,
    "updated": 0
  },
  {
    "id": "b5689189-4e93-47e2-b6ae-795b1111f1a8",
    "data": [
      {
        "text": "a little more",
        "userDefined": false
      }
    ],
    "isTemplate": false,
    "count": 0,
    "updated": 0
  },
  {
    "id": "62201e81-d0f7-4ef4-a6f9-389e94148054",
    "data": [
      {
        "text": "still too dark",
        "userDefined": false
      }
    ],
    "isTemplate": false,
    "count": 0,
    "updated": 0
  },
  {
    "id": "4bd2be1d-c4bd-4886-94d1-13f2e5c0720d",
    "data": [
      {
        "text": "make them brighter",
        "userDefined": false
      }
    ],
    "isTemplate": false,
    "count": 0,
    "updated": 0
  },
  {
    "id": "a75aa69e-c17b-4d15-ac41-7545a017b4a0",
    "data": [
      {
        "text": "brighten them",
        "userDefined": false
      }
    ],
    "isTemplate": false,
    "count": 0,
    "updated": 0
  },
  {
    "id": "ffe5d026-068c-4417-8ee5-7f091ba64216",
    "data": [
      {
        "text": "brighten it",
        "userDefined": false
      }
    ],
    "isTemplate": false,
    "count": 0,
    "updated": 0
  },
  {
    "id": "56075153-c218-4463-9fa4-c16401f65b8c",
    "data": [
      {
        "text": "it\u0027s too dark",
        "userDefined": false
      }
    ],
    "isTemplate": false,
    "count": 0,
    "updated": 0
  },
  {
    "id": "ba68c3a2-2d1e-45c7-94d1-25cdf850d7b9",
    "data": [
      {
        "text": "it is dark",
        "userDefined": false
      }
    ],
    "isTemplate": false,
    "count": 0,
    "updated": 0
  },
  {
    "id": "0682f305-5b1b-40de-b0b6-dd6409f318fe",
    "data": [
      {
        "text": "it\u0027s too dark in here",
        "userDefined": false
      }
    ],
    "isTemplate": false,
    "count": 0,
    "updated": 0
  },
  {
    "id": "c9c39f25-de70-4fc6-a631-4711fe2c72d1",
    "data": [
      {
        "text": "it is too dark here",
        "userDefined": false
      }
    ],
    "isTemplate": false,
    "count": 0,
    "updated": 0
  },
  {
    "id": "fbf13803-a0df-43c8-814e-fce4e7802e3a",
    "data": [
      {
        "text": "it\u0027s dark here",
        "userDefined": false
      }
    ],
    "isTemplate": false,
    "count": 0,
    "updated": 0
  }
]