[
  {
    "id": "e74d91a0-e173-4bc2-a679-03ddf6312c9b",
    "data": [
      {
        "text": "TV",
        "alias": "device",
        "meta": "@device-volume",
        "userDefined": true
      },
      {
        "text": " is so ",
        "userDefined": false
      },
      {
        "text": "loud",
        "meta": "@sys.ignore",
        "userDefined": false
      },
      {
        "text": " ",
        "userDefined": false
      },
      {
        "text": "in",
        "meta": "@sys.ignore",
        "userDefined": false
      },
      {
        "text": " ",
        "userDefined": false
      },
      {
        "text": "kitchen",
        "alias": "room",
        "meta": "@room",
        "userDefined": true
      }
    ],
    "isTemplate": false,
    "count": 0,
    "updated": 0
  },
  {
    "id": "272fe5ac-2469-45f8-8253-1d2c72fadc01",
    "data": [
      {
        "text": "TV",
        "alias": "device",
        "meta": "@device-volume",
        "userDefined": true
      },
      {
        "text": " volume is too ",
        "userDefined": false
      },
      {
        "text": "loud",
        "meta": "@sys.ignore",
        "userDefined": false
      },
      {
        "text": " ",
        "userDefined": false
      },
      {
        "text": "everywhere",
        "alias": "all",
        "meta": "@all",
        "userDefined": false
      }
    ],
    "isTemplate": false,
    "count": 0,
    "updated": 0
  },
  {
    "id": "d87c3fc7-ab65-43a1-88e7-c9a9533e5da1",
    "data": [
      {
        "text": "the ",
        "userDefined": false
      },
      {
        "text": "speakers",
        "alias": "device",
        "meta": "@device-volume",
        "userDefined": true
      },
      {
        "text": " volume is too ",
        "userDefined": false
      },
      {
        "text": "loud",
        "meta": "@sys.ignore",
        "userDefined": false
      }
    ],
    "isTemplate": false,
    "count": 0,
    "updated": 0
  }
]