[
  {
    "id": "3ae1baab-b335-47e0-8f7a-ac7e4729cb71",
    "data": [
      {
        "text": "can you turn on ",
        "userDefined": false
      },
      {
        "text": "water cooker",
        "alias": "device",
        "meta": "@device",
        "userDefined": true
      },
      {
        "text": " in the ",
        "userDefined": false
      },
      {
        "text": "kitchen",
        "alias": "room",
        "meta": "@room",
        "userDefined": true
      }
    ],
    "isTemplate": false,
    "count": 0,
    "updated": 0
  },
  {
    "id": "d73e0419-0ae8-45a2-bf11-f38bb2be1729",
    "data": [
      {
        "text": "turn on the ",
        "userDefined": false
      },
      {
        "text": "TV",
        "alias": "device",
        "meta": "@device",
        "userDefined": true
      },
      {
        "text": " in ",
        "userDefined": false
      },
      {
        "text": "foyer",
        "alias": "room",
        "meta": "@room",
        "userDefined": true
      }
    ],
    "isTemplate": false,
    "count": 0,
    "updated": 0
  },
  {
    "id": "eabe782e-5663-420c-bfb8-caa63a3799e5",
    "data": [
      {
        "text": "turn ",
        "userDefined": false
      },
      {
        "text": "on",
        "meta": "@sys.ignore",
        "userDefined": true
      },
      {
        "text": " ",
        "userDefined": false
      },
      {
        "text": "TV",
        "alias": "device",
        "meta": "@device",
        "userDefined": true
      },
      {
        "text": " ",
        "userDefined": false
      },
      {
        "text": "everywhere",
        "alias": "all",
        "meta": "@all",
        "userDefined": true
      }
    ],
    "isTemplate": false,
    "count": 0,
    "updated": 0
  },
  {
    "id": "d13ad02a-fa8c-45d6-bd3e-d57dc2491cd4",
    "data": [
      {
        "text": "turn on the ",
        "userDefined": false
      },
      {
        "text": "washing machine",
        "alias": "device",
        "meta": "@device",
        "userDefined": true
      },
      {
        "text": " in the ",
        "userDefined": false
      },
      {
        "text": "kitchen",
        "alias": "room",
        "meta": "@room",
        "userDefined": true
      },
      {
        "text": " for me please",
        "userDefined": false
      }
    ],
    "isTemplate": false,
    "count": 0,
    "updated": 0
  },
  {
    "id": "c20c1679-3725-4833-a928-d7ca824ef7dc",
    "data": [
      {
        "text": "turn on the ",
        "userDefined": false
      },
      {
        "text": "TV",
        "alias": "device",
        "meta": "@device",
        "userDefined": true
      },
      {
        "text": " please",
        "userDefined": false
      }
    ],
    "isTemplate": false,
    "count": 0,
    "updated": 0
  },
  {
    "id": "74bd445c-c22f-4d2b-9624-dd0a2fe17266",
    "data": [
      {
        "text": "turn the device on for me",
        "userDefined": false
      }
    ],
    "isTemplate": false,
    "count": 0,
    "updated": 0
  },
  {
    "id": "16394077-b999-4815-b1b3-a5d289d08c88",
    "data": [
      {
        "text": "I want to turn on device",
        "userDefined": false
      }
    ],
    "isTemplate": false,
    "count": 1,
    "updated": 0
  },
  {
    "id": "8f6d4f19-4142-4e3e-a5cd-4d5a85569c50",
    "data": [
      {
        "text": "turn on the ",
        "userDefined": false
      },
      {
        "text": "television",
        "alias": "device",
        "meta": "@device",
        "userDefined": true
      }
    ],
    "isTemplate": false,
    "count": 1,
    "updated": 0
  },
  {
    "id": "91ddabd5-8e2d-442c-89bb-1a64c58a7cac",
    "data": [
      {
        "text": "turn on ",
        "userDefined": false
      },
      {
        "text": "computer",
        "alias": "device",
        "meta": "@device",
        "userDefined": true
      }
    ],
    "isTemplate": false,
    "count": 0,
    "updated": 0
  },
  {
    "id": "a669808f-cfb5-4afe-b12d-2465ef695a62",
    "data": [
      {
        "text": "turn on my device",
        "userDefined": false
      }
    ],
    "isTemplate": false,
    "count": 0,
    "updated": 0
  },
  {
    "id": "14d465f6-bea9-4eb2-a956-eee5729efff9",
    "data": [
      {
        "text": "turn my device on for me",
        "userDefined": false
      }
    ],
    "isTemplate": false,
    "count": 0,
    "updated": 0
  },
  {
    "id": "f67d8606-7560-4d25-8898-bceb4e871038",
    "data": [
      {
        "text": "turn on ",
        "userDefined": false
      },
      {
        "text": "air conditioner",
        "alias": "device",
        "meta": "@device",
        "userDefined": true
      }
    ],
    "isTemplate": false,
    "count": 1,
    "updated": 0
  },
  {
    "id": "12631c61-d0d2-4aca-8889-74f2cba1c618",
    "data": [
      {
        "text": "please turn on my device",
        "userDefined": false
      }
    ],
    "isTemplate": false,
    "count": 0,
    "updated": 0
  },
  {
    "id": "5e2f23d3-5cb2-430c-9d10-ce783c102212",
    "data": [
      {
        "text": "can you turn on ",
        "userDefined": false
      },
      {
        "text": "TV",
        "alias": "device",
        "meta": "@device",
        "userDefined": true
      },
      {
        "text": " for me please",
        "userDefined": false
      }
    ],
    "isTemplate": false,
    "count": 0,
    "updated": 0
  },
  {
    "id": "aa2c463c-43ce-4270-912e-bad52442d46d",
    "data": [
      {
        "text": "switch on the device",
        "userDefined": false
      }
    ],
    "isTemplate": false,
    "count": 0,
    "updated": 0
  },
  {
    "id": "fd4965aa-978c-4b26-99fd-ee37f5736702",
    "data": [
      {
        "text": "please turn on device",
        "userDefined": false
      }
    ],
    "isTemplate": false,
    "count": 0,
    "updated": 0
  },
  {
    "id": "404842f8-bd66-4717-ba37-bce1f0e16f54",
    "data": [
      {
        "text": "please turn on appliance",
        "userDefined": false
      }
    ],
    "isTemplate": false,
    "count": 0,
    "updated": 0
  },
  {
    "id": "1b8f4b3b-420c-4139-b8a7-555c18742468",
    "data": [
      {
        "text": "you should turn the appliance on",
        "userDefined": false
      }
    ],
    "isTemplate": false,
    "count": 1,
    "updated": 0
  },
  {
    "id": "f981f668-5134-4ebb-a106-61075873be91",
    "data": [
      {
        "text": "turn on ",
        "userDefined": false
      },
      {
        "text": "all",
        "alias": "all",
        "meta": "@all",
        "userDefined": true
      },
      {
        "text": " appliances",
        "userDefined": false
      }
    ],
    "isTemplate": false,
    "count": 1,
    "updated": 0
  },
  {
    "id": "790882e0-3b73-475d-98d7-54e9d33a00ac",
    "data": [
      {
        "text": "turn on appliance",
        "userDefined": false
      }
    ],
    "isTemplate": false,
    "count": 0,
    "updated": 0
  },
  {
    "id": "73fbfe97-738c-4677-b7e0-f82dbec21775",
    "data": [
      {
        "text": "turn on appliance for me",
        "userDefined": false
      }
    ],
    "isTemplate": false,
    "count": 1,
    "updated": 0
  },
  {
    "id": "065be6b2-179b-4271-b305-01a774456a06",
    "data": [
      {
        "text": "switch the device on",
        "userDefined": false
      }
    ],
    "isTemplate": false,
    "count": 0,
    "updated": 0
  },
  {
    "id": "721bc34f-375a-40a5-831d-39e38c26d610",
    "data": [
      {
        "text": "can you please turn on ",
        "userDefined": false
      },
      {
        "text": "coffee machine",
        "alias": "device",
        "meta": "@device",
        "userDefined": true
      },
      {
        "text": " for me",
        "userDefined": false
      }
    ],
    "isTemplate": false,
    "count": 0,
    "updated": 0
  },
  {
    "id": "0b5f3282-44ad-4210-98c3-43bde5aca0b1",
    "data": [
      {
        "text": "can you turn on ",
        "userDefined": false
      },
      {
        "text": "video player",
        "alias": "device",
        "meta": "@device",
        "userDefined": true
      }
    ],
    "isTemplate": false,
    "count": 0,
    "updated": 0
  },
  {
    "id": "f9a8054f-ce79-4b0a-af18-08a6c7d9366e",
    "data": [
      {
        "text": "turn on ",
        "userDefined": false
      },
      {
        "text": "coffee machine",
        "alias": "device",
        "meta": "@device",
        "userDefined": true
      }
    ],
    "isTemplate": false,
    "count": 0,
    "updated": 0
  },
  {
    "id": "bf5b1457-b3a3-47b3-bc89-88a96f7d0079",
    "data": [
      {
        "text": "you should turn the device on",
        "userDefined": false
      }
    ],
    "isTemplate": false,
    "count": 0,
    "updated": 0
  },
  {
    "id": "0263c726-58b3-4ba3-9ccb-8f61cfa5b5e3",
    "data": [
      {
        "text": "please turn on ",
        "userDefined": false
      },
      {
        "text": "illumination",
        "alias": "device",
        "meta": "@device",
        "userDefined": true
      }
    ],
    "isTemplate": false,
    "count": 0,
    "updated": 0
  },
  {
    "id": "a9b4f137-04dc-439f-8af3-882d01fcdf06",
    "data": [
      {
        "text": "turn on my ",
        "userDefined": false
      },
      {
        "text": "computer",
        "alias": "device",
        "meta": "@device",
        "userDefined": true
      }
    ],
    "isTemplate": false,
    "count": 1,
    "updated": 0
  },
  {
    "id": "99b9c8d2-a4ef-46f9-a315-88b8f5704eed",
    "data": [
      {
        "text": "can you turn on ",
        "userDefined": false
      },
      {
        "text": "humidifier",
        "alias": "device",
        "meta": "@device",
        "userDefined": true
      },
      {
        "text": " for me please",
        "userDefined": false
      }
    ],
    "isTemplate": false,
    "count": 1,
    "updated": 0
  },
  {
    "id": "395e2a26-df5a-4a81-a900-93e95943c056",
    "data": [
      {
        "text": "can you turn on my device",
        "userDefined": false
      }
    ],
    "isTemplate": false,
    "count": 0,
    "updated": 0
  },
  {
    "id": "2403be35-9c3c-4854-8128-5ddbc838bacd",
    "data": [
      {
        "text": "turn on the ",
        "userDefined": false
      },
      {
        "text": "video player",
        "alias": "device",
        "meta": "@device",
        "userDefined": true
      }
    ],
    "isTemplate": false,
    "count": 1,
    "updated": 0
  },
  {
    "id": "0b6c9f54-2733-45ac-a6aa-f0432c9fc33e",
    "data": [
      {
        "text": "turn on ",
        "userDefined": false
      },
      {
        "text": "all",
        "alias": "all",
        "meta": "@all",
        "userDefined": true
      },
      {
        "text": " devices",
        "userDefined": false
      }
    ],
    "isTemplate": false,
    "count": 0,
    "updated": 0
  },
  {
    "id": "56672f38-2b24-475a-a286-b6e8b8e3899c",
    "data": [
      {
        "text": "I want to turn on appliance",
        "userDefined": false
      }
    ],
    "isTemplate": false,
    "count": 0,
    "updated": 0
  },
  {
    "id": "e5f70e5d-9d36-4200-9e18-b4f09a5957c7",
    "data": [
      {
        "text": "can you turn on appliance",
        "userDefined": false
      }
    ],
    "isTemplate": false,
    "count": 0,
    "updated": 0
  },
  {
    "id": "fc379a79-02cf-4e36-9e19-e532d7853a4d",
    "data": [
      {
        "text": "turn on my ",
        "userDefined": false
      },
      {
        "text": "TV",
        "alias": "device",
        "meta": "@device",
        "userDefined": true
      }
    ],
    "isTemplate": false,
    "count": 1,
    "updated": 0
  },
  {
    "id": "049221d0-b541-40dc-a65d-07ad6066f36e",
    "data": [
      {
        "text": "turn on",
        "userDefined": false
      }
    ],
    "isTemplate": false,
    "count": 0,
    "updated": 0
  },
  {
    "id": "d236931f-49d1-45a7-bf17-a572448a7aef",
    "data": [
      {
        "text": "turn",
        "meta": "@sys.ignore",
        "userDefined": true
      },
      {
        "text": " ",
        "userDefined": false
      },
      {
        "text": "air conditioning",
        "alias": "device",
        "meta": "@device",
        "userDefined": true
      },
      {
        "text": " ",
        "userDefined": false
      },
      {
        "text": "on",
        "meta": "@sys.ignore",
        "userDefined": true
      }
    ],
    "isTemplate": false,
    "count": 0,
    "updated": 0
  },
  {
    "id": "8f78848a-2bf1-409b-81bf-e30712d48881",
    "data": [
      {
        "text": "you should turn my device on",
        "userDefined": false
      }
    ],
    "isTemplate": false,
    "count": 0,
    "updated": 0
  },
  {
    "id": "b3aafc05-708f-4b56-aeea-9db3b5c247f2",
    "data": [
      {
        "text": "I need you to turn on device",
        "userDefined": false
      }
    ],
    "isTemplate": false,
    "count": 0,
    "updated": 0
  },
  {
    "id": "9297e7c5-58ce-4bdf-acbf-f0a98cb7f05a",
    "data": [
      {
        "text": "turn on device please",
        "userDefined": false
      }
    ],
    "isTemplate": false,
    "count": 0,
    "updated": 0
  },
  {
    "id": "3445e0a4-13d3-4e3a-8950-a777be2a7115",
    "data": [
      {
        "text": "will you turn on the ",
        "userDefined": false
      },
      {
        "text": "TV",
        "alias": "device",
        "meta": "@device",
        "userDefined": true
      },
      {
        "text": " for me",
        "userDefined": false
      }
    ],
    "isTemplate": false,
    "count": 0,
    "updated": 0
  },
  {
    "id": "47905bf4-1106-418e-beab-2b383c6d7d15",
    "data": [
      {
        "text": "turn on ",
        "userDefined": false
      },
      {
        "text": "PC",
        "alias": "device",
        "meta": "@device",
        "userDefined": true
      }
    ],
    "isTemplate": false,
    "count": 0,
    "updated": 0
  },
  {
    "id": "8466d73a-2cd7-4a60-9a55-fe9ad536356a",
    "data": [
      {
        "text": "turn on devices in ",
        "userDefined": false
      },
      {
        "text": "bathroom",
        "alias": "room",
        "meta": "@room",
        "userDefined": true
      }
    ],
    "isTemplate": false,
    "count": 0,
    "updated": 0
  },
  {
    "id": "538f628b-06cf-459b-91d3-d91c24b91865",
    "data": [
      {
        "text": "TV",
        "alias": "device",
        "meta": "@device",
        "userDefined": true
      },
      {
        "text": " ",
        "userDefined": false
      },
      {
        "text": "on",
        "meta": "@sys.ignore",
        "userDefined": true
      }
    ],
    "isTemplate": false,
    "count": 0,
    "updated": 0
  },
  {
    "id": "eee67a9e-f73b-4783-b73d-977591244be3",
    "data": [
      {
        "text": "I need you to turn on appliance",
        "userDefined": false
      }
    ],
    "isTemplate": false,
    "count": 0,
    "updated": 0
  },
  {
    "id": "ff22b5cc-f6fe-4162-ba71-6d8b75415486",
    "data": [
      {
        "text": "turn on device for me",
        "userDefined": false
      }
    ],
    "isTemplate": false,
    "count": 0,
    "updated": 0
  },
  {
    "id": "2be1a3dc-1dec-4e6b-b2bd-eb7cdcb69006",
    "data": [
      {
        "text": "can you turn on ",
        "userDefined": false
      },
      {
        "text": "washing machine",
        "alias": "device",
        "meta": "@device",
        "userDefined": true
      },
      {
        "text": " for me please",
        "userDefined": false
      }
    ],
    "isTemplate": false,
    "count": 0,
    "updated": 0
  },
  {
    "id": "3813a97a-fa55-4ee3-8414-a8564f748b28",
    "data": [
      {
        "text": "I want to turn on my device",
        "userDefined": false
      }
    ],
    "isTemplate": false,
    "count": 0,
    "updated": 0
  },
  {
    "id": "c0e4b0d0-f3e1-4826-827d-9a81bca8cab8",
    "data": [
      {
        "text": "turn on my ",
        "userDefined": false
      },
      {
        "text": "laptop",
        "alias": "device",
        "meta": "@device",
        "userDefined": true
      }
    ],
    "isTemplate": false,
    "count": 0,
    "updated": 0
  },
  {
    "id": "11141662-361a-4137-94b5-6e02732eceef",
    "data": [
      {
        "text": "please turn on the ",
        "userDefined": false
      },
      {
        "text": "TV",
        "alias": "device",
        "meta": "@device",
        "userDefined": true
      },
      {
        "text": " in the ",
        "userDefined": false
      },
      {
        "text": "kitchen",
        "alias": "room",
        "meta": "@room",
        "userDefined": true
      }
    ],
    "isTemplate": false,
    "count": 0,
    "updated": 0
  },
  {
    "id": "11ef1fae-c895-4c94-9033-a334822cefe3",
    "data": [
      {
        "text": "turn on the ",
        "userDefined": false
      },
      {
        "text": "coffee maker",
        "alias": "device",
        "meta": "@device",
        "userDefined": true
      }
    ],
    "isTemplate": false,
    "count": 1,
    "updated": 0
  },
  {
    "id": "059d640e-891f-4a83-9046-30539743f45b",
    "data": [
      {
        "text": "can you turn on ",
        "userDefined": false
      },
      {
        "text": "washing machine",
        "alias": "device",
        "meta": "@device",
        "userDefined": true
      },
      {
        "text": " in the ",
        "userDefined": false
      },
      {
        "text": "kitchen",
        "alias": "room",
        "meta": "@room",
        "userDefined": true
      }
    ],
    "isTemplate": false,
    "count": 0,
    "updated": 0
  },
  {
    "id": "4a0a21c1-ba1f-4085-9d47-af1a1272f5d2",
    "data": [
      {
        "text": "turn on device",
        "userDefined": false
      }
    ],
    "isTemplate": false,
    "count": 0,
    "updated": 0
  },
  {
    "id": "a35a5ea6-b49d-438d-974a-65216054d8a6",
    "data": [
      {
        "text": "can you turn on ",
        "userDefined": false
      },
      {
        "text": "microwave",
        "alias": "device",
        "meta": "@device",
        "userDefined": true
      },
      {
        "text": " for me please",
        "userDefined": false
      }
    ],
    "isTemplate": false,
    "count": 0,
    "updated": 0
  },
  {
    "id": "dd057e4c-a031-4c16-9a6a-79b05e476d1b",
    "data": [
      {
        "text": "turn ",
        "userDefined": false
      },
      {
        "text": "thermostat",
        "alias": "device",
        "meta": "@device",
        "userDefined": true
      },
      {
        "text": " on in the ",
        "userDefined": false
      },
      {
        "text": "kitchen",
        "alias": "room",
        "meta": "@room",
        "userDefined": true
      }
    ],
    "isTemplate": false,
    "count": 0,
    "updated": 0
  },
  {
    "id": "ce69ca9a-0b7a-4dbd-8bae-343658f6b894",
    "data": [
      {
        "text": "turn on ",
        "userDefined": false
      },
      {
        "text": "kitchen",
        "alias": "room",
        "meta": "@room",
        "userDefined": true
      }
    ],
    "isTemplate": false,
    "count": 0,
    "updated": 0
  },
  {
    "id": "82e71f2e-3c9d-4722-a71e-638bb8c82804",
    "data": [
      {
        "text": "turn the appliance on",
        "userDefined": false
      }
    ],
    "isTemplate": false,
    "count": 0,
    "updated": 0
  },
  {
    "id": "e5c99ff4-b162-435c-91ea-76cfb5892733",
    "data": [
      {
        "text": "turn ",
        "userDefined": false
      },
      {
        "text": "on",
        "meta": "@sys.ignore",
        "userDefined": true
      },
      {
        "text": " ",
        "userDefined": false
      },
      {
        "text": "coffee pot",
        "alias": "device",
        "meta": "@device",
        "userDefined": true
      }
    ],
    "isTemplate": false,
    "count": 0,
    "updated": 0
  },
  {
    "id": "811bfe49-9893-42cf-9966-b9a6da4f028f",
    "data": [
      {
        "text": "can you turn on my ",
        "userDefined": false
      },
      {
        "text": "television",
        "alias": "device",
        "meta": "@device",
        "userDefined": true
      }
    ],
    "isTemplate": false,
    "count": 1,
    "updated": 0
  },
  {
    "id": "ebb6fa5e-9771-4939-8140-b0eb9eaedc97",
    "data": [
      {
        "text": "can you turn on ",
        "userDefined": false
      },
      {
        "text": "water cooker",
        "alias": "device",
        "meta": "@device",
        "userDefined": true
      },
      {
        "text": " for me please",
        "userDefined": false
      }
    ],
    "isTemplate": false,
    "count": 0,
    "updated": 0
  },
  {
    "id": "7ee46153-f5d0-449c-a87f-759e49e6b7b9",
    "data": [
      {
        "text": "turn on ",
        "userDefined": false
      },
      {
        "text": "Christmas tree",
        "alias": "device",
        "meta": "@device",
        "userDefined": true
      }
    ],
    "isTemplate": false,
    "count": 0,
    "updated": 0
  },
  {
    "id": "2e6124f6-d476-4321-b18d-2f42ea46066b",
    "data": [
      {
        "text": "I need you to turn on my device",
        "userDefined": false
      }
    ],
    "isTemplate": false,
    "count": 0,
    "updated": 0
  },
  {
    "id": "2e0a8de3-2a2e-4de0-ba23-03d0b3dded0c",
    "data": [
      {
        "text": "turn on my device please",
        "userDefined": false
      }
    ],
    "isTemplate": false,
    "count": 0,
    "updated": 0
  },
  {
    "id": "5d664e29-46a7-4870-8b55-0492349eeb21",
    "data": [
      {
        "text": "motion sensor",
        "alias": "device",
        "meta": "@device",
        "userDefined": true
      },
      {
        "text": " on",
        "userDefined": false
      }
    ],
    "isTemplate": false,
    "count": 0,
    "updated": 0
  },
  {
    "id": "1f41232b-fba3-470d-946f-d0d12a196dd8",
    "data": [
      {
        "text": "turn on ",
        "userDefined": false
      },
      {
        "text": "bathroom",
        "alias": "room",
        "meta": "@room",
        "userDefined": true
      }
    ],
    "isTemplate": false,
    "count": 0,
    "updated": 0
  },
  {
    "id": "0ebf5d06-b82e-43af-802e-1bbd6dc463ec",
    "data": [
      {
        "text": "turn on the ",
        "userDefined": false
      },
      {
        "text": "refrigerator",
        "alias": "device",
        "meta": "@device",
        "userDefined": true
      }
    ],
    "isTemplate": false,
    "count": 1,
    "updated": 0
  },
  {
    "id": "c4cfeb95-e3fc-46c4-b965-1c2ed5b5aea5",
    "data": [
      {
        "text": "can you turn on device",
        "userDefined": false
      }
    ],
    "isTemplate": false,
    "count": 0,
    "updated": 0
  },
  {
    "id": "6ab2dab1-3984-495e-b607-dd3f78ae94bc",
    "data": [
      {
        "text": "turn on the ",
        "userDefined": false
      },
      {
        "text": "washing machine",
        "alias": "device",
        "meta": "@device",
        "userDefined": true
      }
    ],
    "isTemplate": false,
    "count": 1,
    "updated": 0
  },
  {
    "id": "8f782271-8ad0-49a1-bef0-af6ba3a859aa",
    "data": [
      {
        "text": "turn on my device for me",
        "userDefined": false
      }
    ],
    "isTemplate": false,
    "count": 1,
    "updated": 0
  },
  {
    "id": "32535a27-8cef-44d9-8551-7ccfc3e7f5ba",
    "data": [
      {
        "text": "turn on ",
        "userDefined": false
      },
      {
        "text": "motion sensor",
        "alias": "device",
        "meta": "@device",
        "userDefined": true
      }
    ],
    "isTemplate": false,
    "count": 0,
    "updated": 0
  },
  {
    "id": "b1f3879c-e46f-4f4e-9e9f-c59fa89fdccd",
    "data": [
      {
        "text": "can you turn on ",
        "userDefined": false
      },
      {
        "text": "water cooker",
        "alias": "device",
        "meta": "@device",
        "userDefined": true
      }
    ],
    "isTemplate": false,
    "count": 0,
    "updated": 0
  },
  {
    "id": "8d2907d1-be3c-4fe3-b6c1-a65aaedd6060",
    "data": [
      {
        "text": "turn my device on",
        "userDefined": false
      }
    ],
    "isTemplate": false,
    "count": 0,
    "updated": 0
  },
  {
    "id": "5866e4f3-423e-47c3-8917-0a9e0b1505ee",
    "data": [
      {
        "text": "will you turn on the ",
        "userDefined": false
      },
      {
        "text": "TV",
        "alias": "device",
        "meta": "@device",
        "userDefined": true
      },
      {
        "text": " in the ",
        "userDefined": false
      },
      {
        "text": "kitchen",
        "alias": "room",
        "meta": "@room",
        "userDefined": true
      }
    ],
    "isTemplate": false,
    "count": 0,
    "updated": 0
  },
  {
    "id": "54bb7e84-58af-48ee-9dd4-7568ee62620a",
    "data": [
      {
        "text": "turn on the ",
        "userDefined": false
      },
      {
        "text": "water cooker",
        "alias": "device",
        "meta": "@device",
        "userDefined": true
      },
      {
        "text": " in the ",
        "userDefined": false
      },
      {
        "text": "kitchen",
        "alias": "room",
        "meta": "@room",
        "userDefined": true
      }
    ],
    "isTemplate": false,
    "count": 1,
    "updated": 0
  },
  {
    "id": "28f5c5e3-9f97-4dda-8fc7-49e0a98dc546",
    "data": [
      {
        "text": "can you turn on ",
        "userDefined": false
      },
      {
        "text": "washing machine",
        "alias": "device",
        "meta": "@device",
        "userDefined": true
      }
    ],
    "isTemplate": false,
    "count": 0,
    "updated": 0
  },
  {
    "id": "b6fd6ad1-8bf3-4efc-a50d-ad87d3e09e27",
    "data": [
      {
        "text": "turn on the ",
        "userDefined": false
      },
      {
        "text": "TV",
        "alias": "device",
        "meta": "@device",
        "userDefined": true
      },
      {
        "text": " in the ",
        "userDefined": false
      },
      {
        "text": "kitchen",
        "alias": "room",
        "meta": "@room",
        "userDefined": true
      },
      {
        "text": " please",
        "userDefined": false
      }
    ],
    "isTemplate": false,
    "count": 0,
    "updated": 0
  },
  {
    "id": "d97cc537-0a1b-4cb1-819a-bf3a28bcf23c",
    "data": [
      {
        "text": "turn the appliance on for me",
        "userDefined": false
      }
    ],
    "isTemplate": false,
    "count": 0,
    "updated": 0
  },
  {
    "id": "45e6fe26-6af1-4342-8ccd-895e46c89554",
    "data": [
      {
        "text": "can you turn on ",
        "userDefined": false
      },
      {
        "text": "video player",
        "alias": "device",
        "meta": "@device",
        "userDefined": true
      },
      {
        "text": " in the ",
        "userDefined": false
      },
      {
        "text": "kitchen",
        "alias": "room",
        "meta": "@room",
        "userDefined": true
      }
    ],
    "isTemplate": false,
    "count": 0,
    "updated": 0
  },
  {
    "id": "533e9321-95bb-4da0-844b-ecbaa242c474",
    "data": [
      {
        "text": "can you turn on ",
        "userDefined": false
      },
      {
        "text": "video player",
        "alias": "device",
        "meta": "@device",
        "userDefined": true
      },
      {
        "text": " for me please",
        "userDefined": false
      }
    ],
    "isTemplate": false,
    "count": 0,
    "updated": 0
  },
  {
    "id": "f0a764fd-4562-4395-96cd-47841a9a2ac4",
    "data": [
      {
        "text": "can you turn on ",
        "userDefined": false
      },
      {
        "text": "dishwasher",
        "alias": "device",
        "meta": "@device",
        "userDefined": true
      },
      {
        "text": " in the ",
        "userDefined": false
      },
      {
        "text": "kitchen",
        "alias": "room",
        "meta": "@room",
        "userDefined": true
      }
    ],
    "isTemplate": false,
    "count": 0,
    "updated": 0
  },
  {
    "id": "2a46bc4a-0d52-4471-afda-d6a0dcfd9b1c",
    "data": [
      {
        "text": "turn the device on",
        "userDefined": false
      }
    ],
    "isTemplate": false,
    "count": 0,
    "updated": 0
  },
  {
    "id": "bd2fd7b6-50b4-4e5d-ba1c-9b9dc04aa9a9",
    "data": [
      {
        "text": "turn on appliance please",
        "userDefined": false
      }
    ],
    "isTemplate": false,
    "count": 0,
    "updated": 0
  },
  {
    "id": "bf33d2da-cab2-41ec-bc7f-429c932852ad",
    "data": [
      {
        "text": "turn on the ",
        "userDefined": false
      },
      {
        "text": "outdoor",
        "alias": "room",
        "meta": "@room",
        "userDefined": true
      },
      {
        "text": " ",
        "userDefined": false
      },
      {
        "text": "decorations",
        "alias": "device",
        "meta": "@device",
        "userDefined": true
      }
    ],
    "isTemplate": false,
    "count": 1,
    "updated": 0
  },
  {
    "id": "d712fa11-d079-48a2-9883-776a743058a1",
    "data": [
      {
        "text": "turn on ",
        "userDefined": false
      },
      {
        "text": "table lamp",
        "alias": "device",
        "meta": "@device",
        "userDefined": true
      }
    ],
    "isTemplate": false,
    "count": 0,
    "updated": 0
  },
  {
    "id": "9cc9b4b6-90b3-4374-8b25-d27f586aa7eb",
    "data": [
      {
        "text": "please turn on ",
        "userDefined": false
      },
      {
        "text": "computer",
        "alias": "device",
        "meta": "@device",
        "userDefined": true
      }
    ],
    "isTemplate": false,
    "count": 0,
    "updated": 0
  },
  {
    "id": "2d07b47a-7069-4182-a2cc-0e23b244170d",
    "data": [
      {
        "text": "turn on ",
        "userDefined": false
      },
      {
        "text": "TV",
        "alias": "device",
        "meta": "@device",
        "userDefined": true
      }
    ],
    "isTemplate": false,
    "count": 1,
    "updated": 0
  },
  {
    "id": "da50ad86-fc1c-481a-b097-e4ebe62d1156",
    "data": [
      {
        "text": "can you turn on ",
        "userDefined": false
      },
      {
        "text": "computer",
        "alias": "device",
        "meta": "@device",
        "userDefined": true
      },
      {
        "text": " for me",
        "userDefined": false
      }
    ],
    "isTemplate": false,
    "count": 0,
    "updated": 0
  },
  {
    "id": "d49b9953-ea2b-4d73-ba98-85e32bf518ff",
    "data": [
      {
        "text": "turn on ",
        "userDefined": false
      },
      {
        "text": "TV",
        "alias": "device",
        "meta": "@device",
        "userDefined": true
      },
      {
        "text": " in the ",
        "userDefined": false
      },
      {
        "text": "kitchen",
        "alias": "room",
        "meta": "@room",
        "userDefined": true
      }
    ],
    "isTemplate": false,
    "count": 1,
    "updated": 0
  },
  {
    "id": "71fb53e6-f828-4646-803a-a9d27b433b61",
    "data": [
      {
        "text": "can you turn on ",
        "userDefined": false
      },
      {
        "text": "refrigerator",
        "alias": "device",
        "meta": "@device",
        "userDefined": true
      },
      {
        "text": " for me please",
        "userDefined": false
      }
    ],
    "isTemplate": false,
    "count": 0,
    "updated": 0
  },
  {
    "id": "ad680f18-d0ea-40be-9a06-e9b53a9b9e8a",
    "data": [
      {
        "text": "turn on the ",
        "userDefined": false
      },
      {
        "text": "air conditioning",
        "alias": "device",
        "meta": "@device",
        "userDefined": true
      }
    ],
    "isTemplate": false,
    "count": 0,
    "updated": 0
  },
  {
    "id": "20352d8d-7061-4c8e-832c-6c48f102f207",
    "data": [
      {
        "text": "can you turn on ",
        "userDefined": false
      },
      {
        "text": "air conditioner",
        "alias": "device",
        "meta": "@device",
        "userDefined": true
      },
      {
        "text": " for me please",
        "userDefined": false
      }
    ],
    "isTemplate": false,
    "count": 0,
    "updated": 0
  },
  {
    "id": "6c72bae1-d3ee-4750-9e21-bdabeb74090a",
    "data": [
      {
        "text": "turn on ",
        "userDefined": false
      },
      {
        "text": "all",
        "alias": "all",
        "meta": "@all",
        "userDefined": true
      },
      {
        "text": " ",
        "userDefined": false
      },
      {
        "text": "things",
        "meta": "@sys.ignore",
        "userDefined": true
      }
    ],
    "isTemplate": false,
    "count": 0,
    "updated": 0
  },
  {
    "id": "0d57ee44-d595-4627-b6ce-611ff6220660",
    "data": [
      {
        "text": "turn on the ",
        "userDefined": false
      },
      {
        "text": "electric blanket",
        "alias": "device",
        "meta": "@device",
        "userDefined": true
      }
    ],
    "isTemplate": false,
    "count": 1,
    "updated": 0
  },
  {
    "id": "afcb15c9-c235-4240-a439-055e71803754",
    "data": [
      {
        "text": "turn on ",
        "userDefined": false
      },
      {
        "text": "everything",
        "alias": "all",
        "meta": "@all",
        "userDefined": true
      }
    ],
    "isTemplate": false,
    "count": 1,
    "updated": 0
  }
]