[
  {
    "id": "bb85001d-d3fd-4e11-8ed7-8afed0a3ced7",
    "data": [
      {
        "text": "turn down the ",
        "userDefined": false
      },
      {
        "text": "TV",
        "alias": "device",
        "meta": "@device",
        "userDefined": true
      },
      {
        "text": " brightness in the ",
        "userDefined": false
      },
      {
        "text": "kitchen",
        "alias": "room",
        "meta": "@room",
        "userDefined": true
      }
    ],
    "isTemplate": false,
    "count": 0,
    "updated": 0
  },
  {
    "id": "7f497f49-4135-4a91-b1d0-c5a81e41d219",
    "data": [
      {
        "text": "it\u0027s not dark enough dim it here",
        "userDefined": false
      }
    ],
    "isTemplate": false,
    "count": 0,
    "updated": 0
  },
  {
    "id": "74f0cac4-69b1-4386-ad74-939e27622a66",
    "data": [
      {
        "text": "kitchen",
        "alias": "room",
        "meta": "@room",
        "userDefined": true
      },
      {
        "text": " ",
        "userDefined": false
      },
      {
        "text": "decorations",
        "alias": "device",
        "meta": "@device",
        "userDefined": true
      },
      {
        "text": " brightness down",
        "userDefined": false
      }
    ],
    "isTemplate": false,
    "count": 0,
    "updated": 0
  },
  {
    "id": "05429f7f-9c84-4334-a89b-5ed5d579d210",
    "data": [
      {
        "text": "lower",
        "meta": "@sys.ignore",
        "userDefined": true
      },
      {
        "text": " brightness for my ",
        "userDefined": false
      },
      {
        "text": "PC",
        "alias": "device",
        "meta": "@device",
        "userDefined": true
      }
    ],
    "isTemplate": false,
    "count": 0,
    "updated": 0
  },
  {
    "id": "5e865f32-2a01-476c-ab7e-e243e89748d3",
    "data": [
      {
        "text": "lower",
        "meta": "@sys.ignore",
        "userDefined": true
      },
      {
        "text": " the brightness of ",
        "userDefined": false
      },
      {
        "text": "all",
        "alias": "all",
        "meta": "@all",
        "userDefined": true
      },
      {
        "text": " ",
        "userDefined": false
      },
      {
        "text": "computers",
        "alias": "device",
        "meta": "@device",
        "userDefined": true
      }
    ],
    "isTemplate": false,
    "count": 0,
    "updated": 0
  },
  {
    "id": "4d14578b-eaef-4fa9-af37-e9e3cf2a31f2",
    "data": [
      {
        "text": "lower",
        "meta": "@sys.ignore",
        "userDefined": true
      },
      {
        "text": " the brightness of the ",
        "userDefined": false
      },
      {
        "text": "decorations",
        "alias": "device",
        "meta": "@device",
        "userDefined": true
      }
    ],
    "isTemplate": false,
    "count": 0,
    "updated": 0
  },
  {
    "id": "c97bdbbf-0528-4202-a491-4a0519325159",
    "data": [
      {
        "text": "dim ",
        "userDefined": false
      },
      {
        "text": "all",
        "alias": "all",
        "meta": "@all",
        "userDefined": true
      },
      {
        "text": " the ",
        "userDefined": false
      },
      {
        "text": "decorations",
        "alias": "device",
        "meta": "@device",
        "userDefined": true
      },
      {
        "text": " brightness",
        "userDefined": false
      }
    ],
    "isTemplate": false,
    "count": 1,
    "updated": 0
  },
  {
    "id": "bf2bba6e-140e-4e2c-8bc3-79c8d38e237b",
    "data": [
      {
        "text": "turn the ",
        "userDefined": false
      },
      {
        "text": "brightness level",
        "meta": "@sys.ignore",
        "userDefined": true
      },
      {
        "text": " down by ",
        "userDefined": false
      },
      {
        "text": "50",
        "alias": "change-value",
        "meta": "@sys.number",
        "userDefined": true
      }
    ],
    "isTemplate": false,
    "count": 0,
    "updated": 0
  },
  {
    "id": "850c3d9a-0ea0-4c21-bf11-424f4fd20114",
    "data": [
      {
        "text": "brightness level",
        "meta": "@sys.ignore",
        "userDefined": true
      },
      {
        "text": " down by ",
        "userDefined": false
      },
      {
        "text": "50",
        "alias": "change-value",
        "meta": "@sys.number",
        "userDefined": true
      }
    ],
    "isTemplate": false,
    "count": 0,
    "updated": 0
  },
  {
    "id": "480a28c5-0d3f-4d47-a60b-b26ac4bfe777",
    "data": [
      {
        "text": "computer",
        "alias": "device",
        "meta": "@device",
        "userDefined": true
      },
      {
        "text": " brightness down by ",
        "userDefined": false
      },
      {
        "text": "50",
        "alias": "change-value",
        "meta": "@sys.number",
        "userDefined": true
      },
      {
        "text": " points",
        "userDefined": false
      }
    ],
    "isTemplate": false,
    "count": 0,
    "updated": 0
  },
  {
    "id": "7f1d4d6c-f424-46bc-838b-e63ec0145bf6",
    "data": [
      {
        "text": "decorations",
        "alias": "device",
        "meta": "@device",
        "userDefined": true
      },
      {
        "text": " brightness down by ",
        "userDefined": false
      },
      {
        "text": "50",
        "alias": "change-value",
        "meta": "@sys.number",
        "userDefined": true
      },
      {
        "text": " points",
        "userDefined": false
      }
    ],
    "isTemplate": false,
    "count": 0,
    "updated": 0
  },
  {
    "id": "261a2e3f-8c7e-49b9-a1a5-58d65b09a3ff",
    "data": [
      {
        "text": "turn ",
        "userDefined": false
      },
      {
        "text": "decorations",
        "alias": "device",
        "meta": "@device",
        "userDefined": true
      },
      {
        "text": " brightness down by ",
        "userDefined": false
      },
      {
        "text": "50",
        "alias": "change-value",
        "meta": "@sys.number",
        "userDefined": true
      },
      {
        "text": " points",
        "userDefined": false
      }
    ],
    "isTemplate": false,
    "count": 1,
    "updated": 0
  },
  {
    "id": "23821d7d-f1a8-44ec-8d26-5d4cc451f104",
    "data": [
      {
        "text": "turn the ",
        "userDefined": false
      },
      {
        "text": "brightness level",
        "meta": "@sys.ignore",
        "userDefined": true
      },
      {
        "text": " down till ",
        "userDefined": false
      },
      {
        "text": "23",
        "alias": "final-value",
        "meta": "@sys.number",
        "userDefined": true
      }
    ],
    "isTemplate": false,
    "count": 0,
    "updated": 0
  },
  {
    "id": "e6871b79-2497-45bf-aaca-1eb53e1f592c",
    "data": [
      {
        "text": "computer",
        "alias": "device",
        "meta": "@device",
        "userDefined": true
      },
      {
        "text": " brightness level down till ",
        "userDefined": false
      },
      {
        "text": "23",
        "alias": "final-value",
        "meta": "@sys.number",
        "userDefined": true
      }
    ],
    "isTemplate": false,
    "count": 0,
    "updated": 0
  },
  {
    "id": "6de20907-7aac-4f92-b46c-94bb16b6e2c9",
    "data": [
      {
        "text": "computer",
        "alias": "device",
        "meta": "@device",
        "userDefined": true
      },
      {
        "text": " brightness down till ",
        "userDefined": false
      },
      {
        "text": "23",
        "alias": "final-value",
        "meta": "@sys.number",
        "userDefined": true
      }
    ],
    "isTemplate": false,
    "count": 1,
    "updated": 0
  },
  {
    "id": "b9ac5b33-7e4b-47bb-9d55-6167132e9394",
    "data": [
      {
        "text": "computer",
        "alias": "device",
        "meta": "@device",
        "userDefined": true
      },
      {
        "text": " brightness ",
        "userDefined": false
      },
      {
        "text": "level",
        "meta": "@sys.ignore",
        "userDefined": true
      },
      {
        "text": " down till ",
        "userDefined": false
      },
      {
        "text": "23",
        "alias": "final-value",
        "meta": "@sys.number",
        "userDefined": true
      },
      {
        "text": " points",
        "userDefined": false
      }
    ],
    "isTemplate": false,
    "count": 0,
    "updated": 0
  },
  {
    "id": "0b4664e7-fbd0-43fc-a6f0-33d5fc7ec04f",
    "data": [
      {
        "text": "down ",
        "userDefined": false
      },
      {
        "text": "all",
        "alias": "all",
        "meta": "@all",
        "userDefined": true
      },
      {
        "text": " the ",
        "userDefined": false
      },
      {
        "text": "decorations",
        "alias": "device",
        "meta": "@device",
        "userDefined": true
      },
      {
        "text": " brightness",
        "userDefined": false
      }
    ],
    "isTemplate": false,
    "count": 0,
    "updated": 0
  },
  {
    "id": "49cee640-2783-4485-9c57-46aff6267b49",
    "data": [
      {
        "text": "turn down ",
        "userDefined": false
      },
      {
        "text": "all",
        "alias": "all",
        "meta": "@all",
        "userDefined": true
      },
      {
        "text": " the ",
        "userDefined": false
      },
      {
        "text": "decorations",
        "alias": "device",
        "meta": "@device",
        "userDefined": true
      },
      {
        "text": " brightness level",
        "userDefined": false
      }
    ],
    "isTemplate": false,
    "count": 1,
    "updated": 0
  },
  {
    "id": "95e60b85-98c8-4fcc-9583-da86a68febe5",
    "data": [
      {
        "text": "brightness down",
        "userDefined": false
      }
    ],
    "isTemplate": false,
    "count": 1,
    "updated": 0
  },
  {
    "id": "abe5847b-1891-4168-a1b9-9c7f661f0b06",
    "data": [
      {
        "text": "let the brightness go down",
        "userDefined": false
      }
    ],
    "isTemplate": false,
    "count": 0,
    "updated": 0
  },
  {
    "id": "2e549f29-8d56-4102-b55a-55c7b492f0bf",
    "data": [
      {
        "text": "dim the ",
        "userDefined": false
      },
      {
        "text": "PC",
        "alias": "device",
        "meta": "@device",
        "userDefined": true
      },
      {
        "text": " brightness in the ",
        "userDefined": false
      },
      {
        "text": "living room",
        "alias": "room",
        "meta": "@room",
        "userDefined": true
      },
      {
        "text": " to ",
        "userDefined": false
      },
      {
        "text": "20",
        "alias": "final-value",
        "meta": "@sys.number",
        "userDefined": true
      }
    ],
    "isTemplate": false,
    "count": 0,
    "updated": 0
  },
  {
    "id": "99a54362-0f73-4d12-ab15-63ae1c725739",
    "data": [
      {
        "text": "brightness down by ",
        "userDefined": false
      },
      {
        "text": "10",
        "alias": "change-value",
        "meta": "@sys.number",
        "userDefined": true
      },
      {
        "text": " points",
        "userDefined": false
      }
    ],
    "isTemplate": false,
    "count": 0,
    "updated": 0
  },
  {
    "id": "c71cd378-2d82-4e10-8a20-e0f688a67aa1",
    "data": [
      {
        "text": "brightness down  till ",
        "userDefined": false
      },
      {
        "text": "10",
        "alias": "final-value",
        "meta": "@sys.number",
        "userDefined": true
      },
      {
        "text": " points",
        "userDefined": false
      }
    ],
    "isTemplate": false,
    "count": 0,
    "updated": 0
  },
  {
    "id": "abfa100a-bab7-4018-9442-fd48f57d4b28",
    "data": [
      {
        "text": "decorations",
        "alias": "device",
        "meta": "@device",
        "userDefined": true
      },
      {
        "text": " brightness down  by ",
        "userDefined": false
      },
      {
        "text": "10",
        "alias": "change-value",
        "meta": "@sys.number",
        "userDefined": false
      },
      {
        "text": " points",
        "userDefined": false
      }
    ],
    "isTemplate": false,
    "count": 0,
    "updated": 0
  },
  {
    "id": "85fdb959-0294-45d6-b026-58df8ae6d55d",
    "data": [
      {
        "text": "PC",
        "alias": "device",
        "meta": "@device",
        "userDefined": true
      },
      {
        "text": " brightness down till ",
        "userDefined": false
      },
      {
        "text": "10",
        "alias": "final-value",
        "meta": "@sys.number",
        "userDefined": false
      },
      {
        "text": " points",
        "userDefined": false
      }
    ],
    "isTemplate": false,
    "count": 0,
    "updated": 0
  },
  {
    "id": "9e9ab13e-76c2-4494-97fd-e43514e56421",
    "data": [
      {
        "text": "turn down brightness by ",
        "userDefined": false
      },
      {
        "text": "15",
        "alias": "change-value",
        "meta": "@sys.number",
        "userDefined": false
      },
      {
        "text": " points",
        "userDefined": false
      }
    ],
    "isTemplate": false,
    "count": 0,
    "updated": 0
  },
  {
    "id": "bf348684-d5d6-4320-9e3a-78fe9cd53889",
    "data": [
      {
        "text": "turn down brightness till ",
        "userDefined": false
      },
      {
        "text": "15",
        "alias": "final-value",
        "meta": "@sys.number",
        "userDefined": false
      },
      {
        "text": " points",
        "userDefined": false
      }
    ],
    "isTemplate": false,
    "count": 0,
    "updated": 0
  },
  {
    "id": "ac59334c-4e51-4770-b8fb-34eb1aa190b2",
    "data": [
      {
        "text": "turn down ",
        "userDefined": false
      },
      {
        "text": "TV",
        "alias": "device",
        "meta": "@device",
        "userDefined": true
      },
      {
        "text": " brightness by ",
        "userDefined": false
      },
      {
        "text": "15",
        "alias": "change-value",
        "meta": "@sys.number",
        "userDefined": false
      },
      {
        "text": " points",
        "userDefined": false
      }
    ],
    "isTemplate": false,
    "count": 0,
    "updated": 0
  },
  {
    "id": "b9f5790e-c34c-4ba9-8026-b1e7952c4859",
    "data": [
      {
        "text": "turn down ",
        "userDefined": false
      },
      {
        "text": "TV",
        "alias": "device",
        "meta": "@device",
        "userDefined": true
      },
      {
        "text": " brightness till ",
        "userDefined": false
      },
      {
        "text": "15",
        "alias": "final-value",
        "meta": "@sys.number",
        "userDefined": false
      },
      {
        "text": " points",
        "userDefined": false
      }
    ],
    "isTemplate": false,
    "count": 0,
    "updated": 0
  },
  {
    "id": "08c0f567-7f93-4cbb-9276-265a1d31a2e7",
    "data": [
      {
        "text": "brightness down for ",
        "userDefined": false
      },
      {
        "text": "15",
        "alias": "change-value",
        "meta": "@sys.number",
        "userDefined": false
      },
      {
        "text": " percents in the ",
        "userDefined": false
      },
      {
        "text": "bedroom",
        "alias": "room",
        "meta": "@room",
        "userDefined": false
      }
    ],
    "isTemplate": false,
    "count": 0,
    "updated": 0
  },
  {
    "id": "ca87ff5f-2e4b-40b3-bdaa-d7421870a9de",
    "data": [
      {
        "text": "brightness down to ",
        "userDefined": false
      },
      {
        "text": "15",
        "alias": "final-value",
        "meta": "@sys.number",
        "userDefined": false
      },
      {
        "text": " percents in the ",
        "userDefined": false
      },
      {
        "text": "bedroom",
        "alias": "room",
        "meta": "@room",
        "userDefined": false
      }
    ],
    "isTemplate": false,
    "count": 0,
    "updated": 0
  },
  {
    "id": "b6e52f45-f133-4a17-8af1-69fc57da4f64",
    "data": [
      {
        "text": "TV",
        "alias": "device",
        "meta": "@device",
        "userDefined": true
      },
      {
        "text": " brightness down for ",
        "userDefined": false
      },
      {
        "text": "15",
        "alias": "change-value",
        "meta": "@sys.number",
        "userDefined": false
      },
      {
        "text": " percents in the ",
        "userDefined": false
      },
      {
        "text": "bedroom",
        "alias": "room",
        "meta": "@room",
        "userDefined": false
      }
    ],
    "isTemplate": false,
    "count": 0,
    "updated": 0
  },
  {
    "id": "0cd46d03-80ee-4da4-b2b3-ba299076830a",
    "data": [
      {
        "text": "TV",
        "alias": "device",
        "meta": "@device",
        "userDefined": true
      },
      {
        "text": " brightness up to ",
        "userDefined": false
      },
      {
        "text": "15",
        "alias": "final-value",
        "meta": "@sys.number",
        "userDefined": false
      },
      {
        "text": " percents in the ",
        "userDefined": false
      },
      {
        "text": "bedroom",
        "alias": "room",
        "meta": "@room",
        "userDefined": false
      }
    ],
    "isTemplate": false,
    "count": 0,
    "updated": 0
  },
  {
    "id": "f7a7d2f6-ea29-4922-aed4-fd0516811eb6",
    "data": [
      {
        "text": "make ",
        "userDefined": false
      },
      {
        "text": "TV",
        "alias": "device",
        "meta": "@device",
        "userDefined": true
      },
      {
        "text": " brightness level lower by ",
        "userDefined": false
      },
      {
        "text": "5",
        "alias": "change-value",
        "meta": "@sys.number",
        "userDefined": false
      },
      {
        "text": " points",
        "userDefined": false
      }
    ],
    "isTemplate": false,
    "count": 0,
    "updated": 0
  },
  {
    "id": "0115466c-be15-4ee6-b189-35b562f47712",
    "data": [
      {
        "text": "make ",
        "userDefined": false
      },
      {
        "text": "TV",
        "alias": "device",
        "meta": "@device",
        "userDefined": true
      },
      {
        "text": " brightness level lower by ",
        "userDefined": false
      },
      {
        "text": "5",
        "alias": "change-value",
        "meta": "@sys.number",
        "userDefined": false
      },
      {
        "text": " points in the ",
        "userDefined": false
      },
      {
        "text": "kitchen",
        "alias": "room",
        "meta": "@room",
        "userDefined": false
      }
    ],
    "isTemplate": false,
    "count": 0,
    "updated": 0
  },
  {
    "id": "b8f9596e-3bf6-456b-9c28-88b2686fb0fc",
    "data": [
      {
        "text": "turn the ",
        "userDefined": false
      },
      {
        "text": "decorations",
        "alias": "device",
        "meta": "@device",
        "userDefined": true
      },
      {
        "text": " brightness level down till ",
        "userDefined": false
      },
      {
        "text": "5",
        "alias": "final-value",
        "meta": "@sys.number",
        "userDefined": false
      },
      {
        "text": " points",
        "userDefined": false
      }
    ],
    "isTemplate": false,
    "count": 0,
    "updated": 0
  },
  {
    "id": "8dda04e8-6fd1-4d00-a7b1-2cd0abffce71",
    "data": [
      {
        "text": "turn the ",
        "userDefined": false
      },
      {
        "text": "TV",
        "alias": "device",
        "meta": "@device",
        "userDefined": true
      },
      {
        "text": " brightness level down till ",
        "userDefined": false
      },
      {
        "text": "5",
        "alias": "final-value",
        "meta": "@sys.number",
        "userDefined": false
      },
      {
        "text": " points in the ",
        "userDefined": false
      },
      {
        "text": "kitchen",
        "alias": "room",
        "meta": "@room",
        "userDefined": false
      }
    ],
    "isTemplate": false,
    "count": 0,
    "updated": 0
  },
  {
    "id": "1201909d-52bf-432e-ad64-84f416472a57",
    "data": [
      {
        "text": "turn ",
        "userDefined": false
      },
      {
        "text": "TV",
        "alias": "device",
        "meta": "@device",
        "userDefined": true
      },
      {
        "text": " darker until ",
        "userDefined": false
      },
      {
        "text": "40",
        "alias": "final-value",
        "meta": "@sys.number",
        "userDefined": false
      },
      {
        "text": " percents",
        "userDefined": false
      }
    ],
    "isTemplate": false,
    "count": 0,
    "updated": 0
  },
  {
    "id": "31decaa9-6339-46a6-a92d-3e931db820a0",
    "data": [
      {
        "text": "make ",
        "userDefined": false
      },
      {
        "text": "TV",
        "alias": "device",
        "meta": "@device",
        "userDefined": true
      },
      {
        "text": " darker until ",
        "userDefined": false
      },
      {
        "text": "40",
        "alias": "final-value",
        "meta": "@sys.number",
        "userDefined": false
      },
      {
        "text": " percents",
        "userDefined": false
      }
    ],
    "isTemplate": false,
    "count": 0,
    "updated": 0
  },
  {
    "id": "846cd81e-d6da-41a5-8923-c784e38abbd9",
    "data": [
      {
        "text": "turn ",
        "userDefined": false
      },
      {
        "text": "TV",
        "alias": "device",
        "meta": "@device",
        "userDefined": true
      },
      {
        "text": " darker till ",
        "userDefined": false
      },
      {
        "text": "40",
        "alias": "final-value",
        "meta": "@sys.number",
        "userDefined": false
      },
      {
        "text": " percents",
        "userDefined": false
      }
    ],
    "isTemplate": false,
    "count": 0,
    "updated": 0
  },
  {
    "id": "a2ddfa99-3789-4a72-ae21-afc9ca122f8f",
    "data": [
      {
        "text": "make ",
        "userDefined": false
      },
      {
        "text": "computer",
        "alias": "device",
        "meta": "@device",
        "userDefined": true
      },
      {
        "text": " screen darker till ",
        "userDefined": false
      },
      {
        "text": "40",
        "alias": "final-value",
        "meta": "@sys.number",
        "userDefined": false
      },
      {
        "text": " percents",
        "userDefined": false
      }
    ],
    "isTemplate": false,
    "count": 0,
    "updated": 0
  },
  {
    "id": "392211ce-7487-4d12-beef-eeacd7c54a63",
    "data": [
      {
        "text": "turn ",
        "userDefined": false
      },
      {
        "text": "PC",
        "alias": "device",
        "meta": "@device",
        "userDefined": true
      },
      {
        "text": " screen darker to ",
        "userDefined": false
      },
      {
        "text": "40",
        "alias": "final-value",
        "meta": "@sys.number",
        "userDefined": false
      },
      {
        "text": " percents",
        "userDefined": false
      }
    ],
    "isTemplate": false,
    "count": 0,
    "updated": 0
  },
  {
    "id": "06a900f7-715d-4350-be0e-9af79245b965",
    "data": [
      {
        "text": "make ",
        "userDefined": false
      },
      {
        "text": "decorations",
        "alias": "device",
        "meta": "@device",
        "userDefined": true
      },
      {
        "text": " darker to ",
        "userDefined": false
      },
      {
        "text": "40",
        "alias": "final-value",
        "meta": "@sys.number",
        "userDefined": false
      },
      {
        "text": " percents",
        "userDefined": false
      }
    ],
    "isTemplate": false,
    "count": 0,
    "updated": 0
  },
  {
    "id": "dd2ae4a6-cdc6-4a4b-acb8-fb40605908b7",
    "data": [
      {
        "text": "darken ",
        "userDefined": false
      },
      {
        "text": "decorations",
        "alias": "device",
        "meta": "@device",
        "userDefined": true
      },
      {
        "text": " to ",
        "userDefined": false
      },
      {
        "text": "40",
        "alias": "final-value",
        "meta": "@sys.number",
        "userDefined": false
      },
      {
        "text": " percents",
        "userDefined": false
      }
    ],
    "isTemplate": false,
    "count": 0,
    "updated": 0
  },
  {
    "id": "d63c9de7-4460-4a93-9834-4387e6d80559",
    "data": [
      {
        "text": "darken  ",
        "userDefined": false
      },
      {
        "text": "TV screen",
        "alias": "device",
        "meta": "@device",
        "userDefined": true
      },
      {
        "text": " till ",
        "userDefined": false
      },
      {
        "text": "40",
        "alias": "final-value",
        "meta": "@sys.number",
        "userDefined": false
      },
      {
        "text": " percents",
        "userDefined": false
      }
    ],
    "isTemplate": false,
    "count": 0,
    "updated": 0
  },
  {
    "id": "fd37fd13-9d53-4c4d-b857-d57610dc4e7c",
    "data": [
      {
        "text": "darken ",
        "userDefined": false
      },
      {
        "text": "TV screen",
        "alias": "device",
        "meta": "@device",
        "userDefined": true
      },
      {
        "text": " till ",
        "userDefined": false
      },
      {
        "text": "40",
        "alias": "final-value",
        "meta": "@sys.number",
        "userDefined": false
      },
      {
        "text": " percents please",
        "userDefined": false
      }
    ],
    "isTemplate": false,
    "count": 0,
    "updated": 0
  },
  {
    "id": "7b48906c-623b-4150-b28b-adedc7a5e9b5",
    "data": [
      {
        "text": "can you please make ",
        "userDefined": false
      },
      {
        "text": "decorations",
        "alias": "device",
        "meta": "@device",
        "userDefined": true
      },
      {
        "text": " in the ",
        "userDefined": false
      },
      {
        "text": "room",
        "alias": "room",
        "meta": "@room",
        "userDefined": false
      },
      {
        "text": " darker till ",
        "userDefined": false
      },
      {
        "text": "40",
        "alias": "final-value",
        "meta": "@sys.number",
        "userDefined": false
      },
      {
        "text": " percents",
        "userDefined": false
      }
    ],
    "isTemplate": false,
    "count": 0,
    "updated": 0
  },
  {
    "id": "39fbf775-a7e4-475e-ad8a-bc961b52545f",
    "data": [
      {
        "text": "turn down ",
        "userDefined": false
      },
      {
        "text": "TV",
        "alias": "device",
        "meta": "@device",
        "userDefined": true
      },
      {
        "text": " screen brightness level for ",
        "userDefined": false
      },
      {
        "text": "20",
        "alias": "change-value",
        "meta": "@sys.number",
        "userDefined": false
      },
      {
        "text": " points",
        "userDefined": false
      }
    ],
    "isTemplate": false,
    "count": 0,
    "updated": 0
  },
  {
    "id": "a1407c99-d391-4081-ad47-25e14a9befa9",
    "data": [
      {
        "text": "make my ",
        "userDefined": false
      },
      {
        "text": "laptop",
        "alias": "device",
        "meta": "@device",
        "userDefined": true
      },
      {
        "text": " darker for ",
        "userDefined": false
      },
      {
        "text": "20",
        "alias": "change-value",
        "meta": "@sys.number",
        "userDefined": false
      },
      {
        "text": " points",
        "userDefined": false
      }
    ],
    "isTemplate": false,
    "count": 0,
    "updated": 0
  },
  {
    "id": "638a9c9c-3835-4663-8f4f-587dc7143ff7",
    "data": [
      {
        "text": "make the ",
        "userDefined": false
      },
      {
        "text": "computer",
        "alias": "device",
        "meta": "@device",
        "userDefined": true
      },
      {
        "text": " screen darker",
        "userDefined": false
      }
    ],
    "isTemplate": false,
    "count": 0,
    "updated": 0
  },
  {
    "id": "2f779c6b-555a-4645-aeaa-3742a3602469",
    "data": [
      {
        "text": "turn ",
        "userDefined": false
      },
      {
        "text": "TV",
        "alias": "device",
        "meta": "@device",
        "userDefined": true
      },
      {
        "text": " screen darker",
        "userDefined": false
      }
    ],
    "isTemplate": false,
    "count": 0,
    "updated": 0
  },
  {
    "id": "e9fc7c76-11ba-488e-98a5-171fbe99a578",
    "data": [
      {
        "text": "dim the ",
        "userDefined": false
      },
      {
        "text": "computer",
        "alias": "device",
        "meta": "@device",
        "userDefined": true
      },
      {
        "text": " screen brightness",
        "userDefined": false
      }
    ],
    "isTemplate": false,
    "count": 0,
    "updated": 0
  },
  {
    "id": "dcc814d2-fedb-4a84-8a1e-fdbf0ab58554",
    "data": [
      {
        "text": "dim the ",
        "userDefined": false
      },
      {
        "text": "computer",
        "alias": "device",
        "meta": "@device",
        "userDefined": true
      },
      {
        "text": " screen level in the ",
        "userDefined": false
      },
      {
        "text": "kitchen",
        "alias": "room",
        "meta": "@room",
        "userDefined": false
      }
    ],
    "isTemplate": false,
    "count": 0,
    "updated": 0
  },
  {
    "id": "ccb3dd55-e61b-42b4-a47c-ee3830692c15",
    "data": [
      {
        "text": "make ",
        "userDefined": false
      },
      {
        "text": "TV",
        "alias": "device",
        "meta": "@device",
        "userDefined": true
      },
      {
        "text": " screen brightness in the ",
        "userDefined": false
      },
      {
        "text": "kitchen",
        "alias": "room",
        "meta": "@room",
        "userDefined": false
      },
      {
        "text": " ",
        "userDefined": false
      },
      {
        "text": "10",
        "alias": "change-value",
        "meta": "@sys.number",
        "userDefined": false
      },
      {
        "text": " less",
        "userDefined": false
      }
    ],
    "isTemplate": false,
    "count": 0,
    "updated": 0
  },
  {
    "id": "c45b3969-f6f0-4a1e-9f6d-9c8d7526cb4e",
    "data": [
      {
        "text": "turn the ",
        "userDefined": false
      },
      {
        "text": "TV",
        "alias": "device",
        "meta": "@device",
        "userDefined": true
      },
      {
        "text": " brightness level down",
        "userDefined": false
      }
    ],
    "isTemplate": false,
    "count": 0,
    "updated": 0
  },
  {
    "id": "5e475fe8-52ff-4e22-8782-b17f41eec932",
    "data": [
      {
        "text": "dim the ",
        "userDefined": false
      },
      {
        "text": "living room",
        "alias": "room",
        "meta": "@room",
        "userDefined": false
      },
      {
        "text": " ",
        "userDefined": false
      },
      {
        "text": "computer",
        "alias": "device",
        "meta": "@device",
        "userDefined": true
      },
      {
        "text": " to ",
        "userDefined": false
      },
      {
        "text": "20",
        "alias": "final-value",
        "meta": "@sys.number",
        "userDefined": false
      }
    ],
    "isTemplate": false,
    "count": 0,
    "updated": 0
  },
  {
    "id": "124f7eda-2da6-4d47-9cfb-d19afd08c8e6",
    "data": [
      {
        "text": "turn down ",
        "userDefined": false
      },
      {
        "text": "all",
        "alias": "all",
        "meta": "@all",
        "userDefined": false
      },
      {
        "text": " ",
        "userDefined": false
      },
      {
        "text": "decorations",
        "alias": "device",
        "meta": "@device",
        "userDefined": true
      }
    ],
    "isTemplate": false,
    "count": 0,
    "updated": 0
  },
  {
    "id": "a15995e7-757d-4694-b947-30830fc62cd3",
    "data": [
      {
        "text": "turn ",
        "userDefined": false
      },
      {
        "text": "all",
        "alias": "all",
        "meta": "@all",
        "userDefined": false
      },
      {
        "text": " ",
        "userDefined": false
      },
      {
        "text": "decorations",
        "alias": "device",
        "meta": "@device",
        "userDefined": true
      },
      {
        "text": " down",
        "userDefined": false
      }
    ],
    "isTemplate": false,
    "count": 0,
    "updated": 0
  },
  {
    "id": "4782e976-2e20-4f00-9f4b-af7c8c3661b5",
    "data": [
      {
        "text": "dim the ",
        "userDefined": false
      },
      {
        "text": "decorations",
        "alias": "device",
        "meta": "@device",
        "userDefined": true
      }
    ],
    "isTemplate": false,
    "count": 0,
    "updated": 0
  },
  {
    "id": "6253ed03-5490-477c-857d-7cee9d77ce01",
    "data": [
      {
        "text": "minimum brightness",
        "userDefined": false
      }
    ],
    "isTemplate": false,
    "count": 1,
    "updated": 0
  }
]