[
  {
    "id": "0ce500a7-fcd4-4778-877c-446d5b4fda0f",
    "data": [
      {
        "text": "is the ",
        "userDefined": false
      },
      {
        "text": "front door",
        "alias": "lock",
        "meta": "@lock",
        "userDefined": true
      },
      {
        "text": " unlocked",
        "userDefined": false
      }
    ],
    "isTemplate": false,
    "count": 0,
    "updated": 0
  },
  {
    "id": "f94e55ec-edfe-42a9-8583-9a622fe37536",
    "data": [
      {
        "text": "did I unlock the ",
        "userDefined": false
      },
      {
        "text": "front door",
        "alias": "lock",
        "meta": "@lock",
        "userDefined": true
      }
    ],
    "isTemplate": false,
    "count": 0,
    "updated": 0
  },
  {
    "id": "a83dce54-fde7-4746-9133-48402dc6c359",
    "data": [
      {
        "text": "are",
        "meta": "@sys.ignore",
        "userDefined": true
      },
      {
        "text": " ",
        "userDefined": false
      },
      {
        "text": "all",
        "alias": "all",
        "meta": "@all",
        "userDefined": true
      },
      {
        "text": " the ",
        "userDefined": false
      },
      {
        "text": "doors",
        "alias": "lock",
        "meta": "@lock",
        "userDefined": true
      },
      {
        "text": " unlocked",
        "userDefined": false
      }
    ],
    "isTemplate": false,
    "count": 0,
    "updated": 0
  },
  {
    "id": "4115ab30-278c-4d6d-8659-b3ecbc29036c",
    "data": [
      {
        "text": "did I unlocked ",
        "userDefined": false
      },
      {
        "text": "door",
        "alias": "lock",
        "meta": "@lock",
        "userDefined": true
      },
      {
        "text": " ",
        "userDefined": false
      },
      {
        "text": "everywhere",
        "alias": "all",
        "meta": "@all",
        "userDefined": true
      }
    ],
    "isTemplate": false,
    "count": 0,
    "updated": 0
  },
  {
    "id": "07830f09-f4b2-4b11-9bd7-1886c31143ef",
    "data": [
      {
        "text": "did I unlocked the ",
        "userDefined": false
      },
      {
        "text": "door",
        "alias": "lock",
        "meta": "@lock",
        "userDefined": true
      },
      {
        "text": " in the ",
        "userDefined": false
      },
      {
        "text": "kitchen",
        "alias": "room",
        "meta": "@room",
        "userDefined": true
      }
    ],
    "isTemplate": false,
    "count": 0,
    "updated": 0
  },
  {
    "id": "ef982e4c-65b8-4af2-ae46-5d569f1165be",
    "data": [
      {
        "text": "are",
        "meta": "@sys.ignore",
        "userDefined": true
      },
      {
        "text": " ",
        "userDefined": false
      },
      {
        "text": "kitchen",
        "alias": "room",
        "meta": "@room",
        "userDefined": true
      },
      {
        "text": " ",
        "userDefined": false
      },
      {
        "text": "doors",
        "alias": "lock",
        "meta": "@lock",
        "userDefined": true
      },
      {
        "text": " unlocked",
        "userDefined": false
      }
    ],
    "isTemplate": false,
    "count": 0,
    "updated": 0
  },
  {
    "id": "8e5923ec-c4cd-44e7-8fe5-2380880782f5",
    "data": [
      {
        "text": "is ",
        "userDefined": false
      },
      {
        "text": "garage",
        "alias": "room",
        "meta": "@room",
        "userDefined": false
      },
      {
        "text": " unlock",
        "userDefined": false
      }
    ],
    "isTemplate": false,
    "count": 0,
    "updated": 0
  },
  {
    "id": "6d9cbc37-4a5a-4c64-a608-4916f22e0f70",
    "data": [
      {
        "text": "is ",
        "userDefined": false
      },
      {
        "text": "garage",
        "alias": "room",
        "meta": "@room",
        "userDefined": false
      },
      {
        "text": " unlocked",
        "userDefined": false
      }
    ],
    "isTemplate": false,
    "count": 0,
    "updated": 0
  }
]