[
  {
    "id": "4dfe8ce0-0d13-436e-b674-729f3384a140",
    "data": [
      {
        "text": "check the status ",
        "userDefined": false
      },
      {
        "text": "of",
        "meta": "@sys.ignore",
        "userDefined": false
      },
      {
        "text": " ",
        "userDefined": false
      },
      {
        "text": "all",
        "alias": "all",
        "meta": "@all",
        "userDefined": false
      },
      {
        "text": " the ",
        "userDefined": false
      },
      {
        "text": "lights",
        "meta": "@sys.ignore",
        "userDefined": false
      }
    ],
    "isTemplate": false,
    "count": 0,
    "updated": 0
  },
  {
    "id": "ac53489c-cd29-4eee-baa8-67ab6299ee31",
    "data": [
      {
        "text": "kitchen",
        "alias": "room",
        "meta": "@room",
        "userDefined": true
      },
      {
        "text": " lights status",
        "userDefined": false
      }
    ],
    "isTemplate": false,
    "count": 0,
    "updated": 0
  },
  {
    "id": "82514ca2-8906-41f8-8d0a-8165dd385282",
    "data": [
      {
        "text": "the ",
        "userDefined": false
      },
      {
        "text": "table lamp",
        "alias": "device",
        "meta": "@lights",
        "userDefined": false
      },
      {
        "text": " status",
        "userDefined": false
      }
    ],
    "isTemplate": false,
    "count": 0,
    "updated": 0
  },
  {
    "id": "19b70986-dc58-499a-8aff-b1539feebc6a",
    "data": [
      {
        "text": "the ",
        "userDefined": false
      },
      {
        "text": "blue",
        "alias": "color",
        "meta": "@color",
        "userDefined": true
      },
      {
        "text": " lights status",
        "userDefined": false
      }
    ],
    "isTemplate": false,
    "count": 0,
    "updated": 0
  }
]