[
  {
    "id": "c7f4a5f6-4c11-4905-a651-a00c09201641",
    "data": [
      {
        "text": "my ",
        "userDefined": false
      },
      {
        "text": "laptop",
        "alias": "device",
        "meta": "@device",
        "userDefined": true
      },
      {
        "text": " screen is way too ",
        "userDefined": false
      },
      {
        "text": "dark",
        "meta": "@sys.ignore",
        "userDefined": false
      }
    ],
    "isTemplate": false,
    "count": 0,
    "updated": 0
  },
  {
    "id": "ede4fde4-9afa-4595-a61f-dd55268a6434",
    "data": [
      {
        "text": "all",
        "alias": "all",
        "meta": "@all",
        "userDefined": false
      },
      {
        "text": " of our  ",
        "userDefined": false
      },
      {
        "text": "TV screens",
        "alias": "device",
        "meta": "@device",
        "userDefined": false
      },
      {
        "text": " brightness ",
        "userDefined": false
      },
      {
        "text": "level",
        "meta": "@sys.ignore",
        "userDefined": false
      },
      {
        "text": " is not enough",
        "userDefined": false
      }
    ],
    "isTemplate": false,
    "count": 0,
    "updated": 0
  },
  {
    "id": "a48d16dc-ab54-456d-91e8-17a0c867a1c7",
    "data": [
      {
        "text": "the ",
        "userDefined": false
      },
      {
        "text": "kitchen",
        "alias": "room",
        "meta": "@room",
        "userDefined": true
      },
      {
        "text": " ",
        "userDefined": false
      },
      {
        "text": "TV",
        "alias": "device",
        "meta": "@device",
        "userDefined": true
      },
      {
        "text": " brightness level is too low",
        "userDefined": false
      }
    ],
    "isTemplate": false,
    "count": 0,
    "updated": 0
  },
  {
    "id": "19ec7c33-bfb2-4506-8897-db392415089f",
    "data": [
      {
        "text": "TV",
        "alias": "device",
        "meta": "@device",
        "userDefined": true
      },
      {
        "text": " screen is too dark",
        "userDefined": false
      }
    ],
    "isTemplate": false,
    "count": 0,
    "updated": 0
  }
]