[
  {
    "id": "6bbc6903-2bbf-4e62-8f3e-e75e35dfc5c6",
    "data": [
      {
        "text": "not dim enough",
        "userDefined": false
      }
    ],
    "isTemplate": false,
    "count": 0,
    "updated": 0
  },
  {
    "id": "e6022dbc-a1be-489e-bb1c-fe142f653226",
    "data": [
      {
        "text": "too ",
        "userDefined": false
      },
      {
        "text": "bright",
        "meta": "@sys.ignore",
        "userDefined": false
      },
      {
        "text": " for ",
        "userDefined": false
      },
      {
        "text": "me",
        "meta": "@sys.ignore",
        "userDefined": false
      }
    ],
    "isTemplate": false,
    "count": 1,
    "updated": 0
  },
  {
    "id": "1eaf24db-2223-466c-9618-11562215ce15",
    "data": [
      {
        "text": "less",
        "userDefined": false
      }
    ],
    "isTemplate": false,
    "count": 0,
    "updated": 0
  },
  {
    "id": "16c027c2-e644-450c-927e-a71643511de7",
    "data": [
      {
        "text": "it",
        "meta": "@sys.ignore",
        "userDefined": false
      },
      {
        "text": "\u0027s ",
        "userDefined": false
      },
      {
        "text": "really",
        "meta": "@sys.ignore",
        "userDefined": false
      },
      {
        "text": " ",
        "userDefined": false
      },
      {
        "text": "bright",
        "meta": "@sys.ignore",
        "userDefined": false
      }
    ],
    "isTemplate": false,
    "count": 0,
    "updated": 0
  },
  {
    "id": "29720c25-28be-459b-9f17-29a28c3cde4f",
    "data": [
      {
        "text": "too ",
        "userDefined": false
      },
      {
        "text": "bright",
        "meta": "@sys.ignore",
        "userDefined": false
      },
      {
        "text": " ",
        "userDefined": false
      },
      {
        "text": "here",
        "meta": "@sys.ignore",
        "userDefined": false
      }
    ],
    "isTemplate": false,
    "count": 0,
    "updated": 0
  },
  {
    "id": "de4a9208-6afa-4e75-9dbc-27a9d578aba7",
    "data": [
      {
        "text": "still bright",
        "userDefined": false
      }
    ],
    "isTemplate": false,
    "count": 0,
    "updated": 0
  },
  {
    "id": "f222fbff-8ae8-4537-b482-f38c320f4819",
    "data": [
      {
        "text": "too bright",
        "userDefined": false
      }
    ],
    "isTemplate": false,
    "count": 1,
    "updated": 0
  },
  {
    "id": "eff63f3d-3269-4d4f-b3dc-e3c83be09067",
    "data": [
      {
        "text": "a little less",
        "userDefined": false
      }
    ],
    "isTemplate": false,
    "count": 0,
    "updated": 0
  },
  {
    "id": "964daeac-d709-4cef-a3d2-622f980224fa",
    "data": [
      {
        "text": "still too bright",
        "userDefined": false
      }
    ],
    "isTemplate": false,
    "count": 0,
    "updated": 0
  },
  {
    "id": "b9ce238c-c476-41d2-936b-6b35f5cabd81",
    "data": [
      {
        "text": "it\u0027s too bright",
        "userDefined": false
      }
    ],
    "isTemplate": false,
    "count": 0,
    "updated": 0
  },
  {
    "id": "33db5682-ae85-4551-9474-6f9cfefef63e",
    "data": [
      {
        "text": "it is bright",
        "userDefined": false
      }
    ],
    "isTemplate": false,
    "count": 0,
    "updated": 0
  },
  {
    "id": "f3a46f7a-b45c-4800-ac43-d8afd0da023c",
    "data": [
      {
        "text": "it\u0027s really bright in here",
        "userDefined": false
      }
    ],
    "isTemplate": false,
    "count": 0,
    "updated": 0
  },
  {
    "id": "94468bd1-b14b-44ac-87a9-de000c517d13",
    "data": [
      {
        "text": "it is bright here",
        "userDefined": false
      }
    ],
    "isTemplate": false,
    "count": 0,
    "updated": 0
  }
]