[
  {
    "id": "0827d505-0a17-4853-acf0-1c40f37c8b86",
    "data": [
      {
        "text": "set saturation",
        "userDefined": false
      }
    ],
    "isTemplate": false,
    "count": 0,
    "updated": 0
  },
  {
    "id": "9c3fa632-d2d8-4acb-bec0-e2661fc9b264",
    "data": [
      {
        "text": "set the ",
        "userDefined": false
      },
      {
        "text": "table lamp",
        "alias": "device",
        "meta": "@lights",
        "userDefined": true
      },
      {
        "text": " saturation",
        "userDefined": false
      }
    ],
    "isTemplate": false,
    "count": 0,
    "updated": 0
  },
  {
    "id": "01c584bd-ffe4-4ed0-8e13-61f713974409",
    "data": [
      {
        "text": "set ",
        "userDefined": false
      },
      {
        "text": "green",
        "alias": "color",
        "meta": "@color",
        "userDefined": true
      },
      {
        "text": " saturation",
        "userDefined": false
      }
    ],
    "isTemplate": false,
    "count": 0,
    "updated": 0
  },
  {
    "id": "72567f05-3200-43a0-87de-2a91c6ac540e",
    "data": [
      {
        "text": "red",
        "alias": "color",
        "meta": "@color",
        "userDefined": true
      },
      {
        "text": " saturation",
        "userDefined": false
      }
    ],
    "isTemplate": false,
    "count": 0,
    "updated": 0
  },
  {
    "id": "de0695e3-bbd7-4ee6-8535-57ff819c43a4",
    "data": [
      {
        "text": "set ",
        "userDefined": false
      },
      {
        "text": "kitchen",
        "alias": "room",
        "meta": "@room",
        "userDefined": true
      },
      {
        "text": " saturation",
        "userDefined": false
      }
    ],
    "isTemplate": false,
    "count": 0,
    "updated": 0
  },
  {
    "id": "2968c809-9394-4672-a084-6ed38c853ee9",
    "data": [
      {
        "text": "set saturation in the ",
        "userDefined": false
      },
      {
        "text": "kitchen",
        "alias": "room",
        "meta": "@room",
        "userDefined": true
      }
    ],
    "isTemplate": false,
    "count": 0,
    "updated": 0
  },
  {
    "id": "1f06d95b-28bb-4cd3-b56f-9afa15283b82",
    "data": [
      {
        "text": "saturation ",
        "userDefined": false
      },
      {
        "text": "everywhere",
        "alias": "all",
        "meta": "@all",
        "userDefined": true
      }
    ],
    "isTemplate": false,
    "count": 0,
    "updated": 0
  },
  {
    "id": "5dbf3f6c-0987-4eff-9f33-06c25ab37eae",
    "data": [
      {
        "text": "set saturation in ",
        "userDefined": false
      },
      {
        "text": "all",
        "alias": "all",
        "meta": "@all",
        "userDefined": true
      },
      {
        "text": " rooms",
        "userDefined": false
      }
    ],
    "isTemplate": false,
    "count": 0,
    "updated": 0
  },
  {
    "id": "8c836d14-e88a-4056-9188-2fe9c4b0e95a",
    "data": [
      {
        "text": "set saturation to ",
        "userDefined": false
      },
      {
        "text": "50",
        "alias": "final-value",
        "meta": "@sys.number",
        "userDefined": false
      },
      {
        "text": " points",
        "userDefined": false
      }
    ],
    "isTemplate": false,
    "count": 0,
    "updated": 0
  },
  {
    "id": "4e56f5e6-9e3c-4b79-8354-8b8be7dade05",
    "data": [
      {
        "text": "saturation till ",
        "userDefined": false
      },
      {
        "text": "50",
        "alias": "final-value",
        "meta": "@sys.number",
        "userDefined": false
      }
    ],
    "isTemplate": false,
    "count": 0,
    "updated": 0
  }
]