[
  {
    "id": "9bb63d96-d6b2-4d93-8a3c-409b4fe34f67",
    "data": [
      {
        "text": "TV",
        "alias": "device-volume",
        "meta": "@device-volume",
        "userDefined": true
      },
      {
        "text": " volume is too ",
        "userDefined": false
      },
      {
        "text": "low",
        "meta": "@sys.ignore",
        "userDefined": false
      },
      {
        "text": " in ",
        "userDefined": false
      },
      {
        "text": "bedroom",
        "alias": "room",
        "meta": "@room",
        "userDefined": true
      }
    ],
    "isTemplate": false,
    "count": 0,
    "updated": 0
  },
  {
    "id": "8ca5c5c1-dbdc-47d1-bee5-d6a9624b9a06",
    "data": [
      {
        "text": "TV",
        "alias": "device-volume",
        "meta": "@device-volume",
        "userDefined": true
      },
      {
        "text": " volume is too ",
        "userDefined": false
      },
      {
        "text": "low",
        "meta": "@sys.ignore",
        "userDefined": false
      }
    ],
    "isTemplate": false,
    "count": 0,
    "updated": 0
  }
]