[
  {
    "id": "6848a64f-9cd0-4f5a-bbb1-edc21333264d",
    "data": [
      {
        "text": "turn",
        "meta": "@sys.ignore",
        "userDefined": false
      },
      {
        "text": " ",
        "userDefined": false
      },
      {
        "text": "up",
        "meta": "@sys.ignore",
        "userDefined": false
      },
      {
        "text": " ",
        "userDefined": false
      },
      {
        "text": "all",
        "alias": "all",
        "meta": "@all",
        "userDefined": false
      },
      {
        "text": " ",
        "userDefined": false
      },
      {
        "text": "red",
        "alias": "color",
        "meta": "@color",
        "userDefined": false
      },
      {
        "text": " ",
        "userDefined": false
      },
      {
        "text": "lights",
        "meta": "@sys.ignore",
        "userDefined": false
      }
    ],
    "isTemplate": false,
    "count": 2,
    "updated": 0
  },
  {
    "id": "69c39b63-b706-495a-95de-90b8265f5f74",
    "data": [
      {
        "text": "lights",
        "meta": "@sys.ignore",
        "userDefined": true
      },
      {
        "text": " ",
        "userDefined": false
      },
      {
        "text": "level",
        "meta": "@sys.ignore",
        "userDefined": true
      },
      {
        "text": " up till ",
        "userDefined": false
      },
      {
        "text": "23",
        "alias": "final-value",
        "meta": "@sys.number",
        "userDefined": true
      }
    ],
    "isTemplate": false,
    "count": 0,
    "updated": 0
  },
  {
    "id": "d1f00ac7-fb6f-4a51-af10-cb343f20bdcb",
    "data": [
      {
        "text": "brightness up for ",
        "userDefined": false
      },
      {
        "text": "15",
        "alias": "change-value",
        "meta": "@sys.number",
        "userDefined": true
      },
      {
        "text": " percents in the ",
        "userDefined": false
      },
      {
        "text": "bedroom",
        "alias": "room",
        "meta": "@room",
        "userDefined": true
      }
    ],
    "isTemplate": false,
    "count": 0,
    "updated": 0
  },
  {
    "id": "fd835d7d-c157-4c54-9dff-8f4720242f1c",
    "data": [
      {
        "text": "lights",
        "meta": "@sys.ignore",
        "userDefined": true
      },
      {
        "text": " brightness up by ",
        "userDefined": false
      },
      {
        "text": "45",
        "alias": "change-value",
        "meta": "@sys.number",
        "userDefined": true
      }
    ],
    "isTemplate": false,
    "count": 0,
    "updated": 0
  },
  {
    "id": "02c8bf92-8f7b-4d3f-9681-3663e4592f85",
    "data": [
      {
        "text": "lights",
        "meta": "@sys.ignore",
        "userDefined": true
      },
      {
        "text": " brightness up by ",
        "userDefined": false
      },
      {
        "text": "10",
        "alias": "change-value",
        "meta": "@sys.number",
        "userDefined": true
      },
      {
        "text": " points",
        "userDefined": false
      }
    ],
    "isTemplate": false,
    "count": 0,
    "updated": 0
  },
  {
    "id": "edc5a6e6-d863-4d22-b2d4-e33bfc9a3b56",
    "data": [
      {
        "text": "turn the ",
        "userDefined": false
      },
      {
        "text": "lights",
        "meta": "@sys.ignore",
        "userDefined": true
      },
      {
        "text": " level up till ",
        "userDefined": false
      },
      {
        "text": "5",
        "alias": "final-value",
        "meta": "@sys.number",
        "userDefined": true
      },
      {
        "text": " points",
        "userDefined": false
      }
    ],
    "isTemplate": false,
    "count": 0,
    "updated": 0
  },
  {
    "id": "d026006c-8c38-4ef4-b79a-4a937d356d55",
    "data": [
      {
        "text": "lights",
        "meta": "@sys.ignore",
        "userDefined": true
      },
      {
        "text": " up",
        "userDefined": false
      }
    ],
    "isTemplate": false,
    "count": 1,
    "updated": 0
  },
  {
    "id": "49d08814-057e-4a05-8223-1e2722d6339d",
    "data": [
      {
        "text": "increase brightness of my ",
        "userDefined": false
      },
      {
        "text": "table lamp",
        "alias": "device",
        "meta": "@lights",
        "userDefined": true
      }
    ],
    "isTemplate": false,
    "count": 2,
    "updated": 0
  },
  {
    "id": "149da58e-4e01-4216-869e-c0495261c996",
    "data": [
      {
        "text": "make ",
        "userDefined": false
      },
      {
        "text": "lights",
        "meta": "@sys.ignore",
        "userDefined": true
      },
      {
        "text": " ",
        "userDefined": false
      },
      {
        "text": "20",
        "alias": "change-value",
        "meta": "@sys.number",
        "userDefined": true
      },
      {
        "text": " percents brighter",
        "userDefined": false
      }
    ],
    "isTemplate": false,
    "count": 0,
    "updated": 0
  },
  {
    "id": "87fc8a10-ab32-4a8d-b001-941fc6274e93",
    "data": [
      {
        "text": "turn ",
        "userDefined": false
      },
      {
        "text": "lights",
        "meta": "@sys.ignore",
        "userDefined": true
      },
      {
        "text": " brighter for ",
        "userDefined": false
      },
      {
        "text": "20",
        "alias": "change-value",
        "meta": "@sys.number",
        "userDefined": true
      },
      {
        "text": " percents",
        "userDefined": false
      }
    ],
    "isTemplate": false,
    "count": 0,
    "updated": 0
  },
  {
    "id": "c92e378a-534c-474c-8854-4d6811b21ee8",
    "data": [
      {
        "text": "kitchen",
        "alias": "room",
        "meta": "@room",
        "userDefined": true
      },
      {
        "text": " ",
        "userDefined": false
      },
      {
        "text": "lights",
        "meta": "@sys.ignore",
        "userDefined": true
      },
      {
        "text": " up",
        "userDefined": false
      }
    ],
    "isTemplate": false,
    "count": 0,
    "updated": 0
  },
  {
    "id": "8e67d509-0e84-487b-a49b-7aa742a863d3",
    "data": [
      {
        "text": "turn ",
        "userDefined": false
      },
      {
        "text": "lights",
        "meta": "@sys.ignore",
        "userDefined": true
      },
      {
        "text": " ",
        "userDefined": false
      },
      {
        "text": "level",
        "meta": "@sys.ignore",
        "userDefined": true
      },
      {
        "text": " up till ",
        "userDefined": false
      },
      {
        "text": "23",
        "alias": "final-value",
        "meta": "@sys.number",
        "userDefined": true
      }
    ],
    "isTemplate": false,
    "count": 0,
    "updated": 0
  },
  {
    "id": "609b8f38-55b4-4ab0-808d-9cd1d8cd251a",
    "data": [
      {
        "text": "turn up ",
        "userDefined": false
      },
      {
        "text": "lights",
        "meta": "@sys.ignore",
        "userDefined": true
      },
      {
        "text": " brightness by ",
        "userDefined": false
      },
      {
        "text": "10",
        "alias": "change-value",
        "meta": "@sys.number",
        "userDefined": true
      },
      {
        "text": " points",
        "userDefined": false
      }
    ],
    "isTemplate": false,
    "count": 0,
    "updated": 0
  },
  {
    "id": "01b34a82-9c81-4398-9ffe-ca731ce20a4f",
    "data": [
      {
        "text": "more ",
        "userDefined": false
      },
      {
        "text": "lights",
        "meta": "@sys.ignore",
        "userDefined": true
      }
    ],
    "isTemplate": false,
    "count": 0,
    "updated": 0
  },
  {
    "id": "ef90cc36-1446-4780-80fc-ccffd16dca84",
    "data": [
      {
        "text": "turn up the ",
        "userDefined": false
      },
      {
        "text": "lightning",
        "meta": "@sys.ignore",
        "userDefined": true
      },
      {
        "text": " in ",
        "userDefined": false
      },
      {
        "text": "kitchen",
        "alias": "room",
        "meta": "@room",
        "userDefined": true
      }
    ],
    "isTemplate": false,
    "count": 0,
    "updated": 0
  },
  {
    "id": "b9737720-a047-4d44-bc28-35a54b8b265b",
    "data": [
      {
        "text": "let the brightness go up",
        "userDefined": false
      }
    ],
    "isTemplate": false,
    "count": 0,
    "updated": 0
  },
  {
    "id": "fc5ce04c-51c4-4316-9797-7c12cb5edc3f",
    "data": [
      {
        "text": "lights",
        "meta": "@sys.ignore",
        "userDefined": true
      },
      {
        "text": " brightness up till ",
        "userDefined": false
      },
      {
        "text": "30",
        "alias": "final-value",
        "meta": "@sys.number",
        "userDefined": true
      }
    ],
    "isTemplate": false,
    "count": 0,
    "updated": 0
  },
  {
    "id": "6b80e5c7-7962-4b40-b20a-46f11aeb7350",
    "data": [
      {
        "text": "turn up ",
        "userDefined": false
      },
      {
        "text": "lights",
        "meta": "@sys.ignore",
        "userDefined": true
      },
      {
        "text": " brightness till ",
        "userDefined": false
      },
      {
        "text": "10",
        "alias": "final-value",
        "meta": "@sys.number",
        "userDefined": true
      },
      {
        "text": " points",
        "userDefined": false
      }
    ],
    "isTemplate": false,
    "count": 0,
    "updated": 0
  },
  {
    "id": "a0e8d135-ad55-41e9-8ce6-c3c141eb37e8",
    "data": [
      {
        "text": "make ",
        "userDefined": false
      },
      {
        "text": "light",
        "meta": "@sys.ignore",
        "userDefined": true
      },
      {
        "text": " level up by ",
        "userDefined": false
      },
      {
        "text": "5",
        "alias": "change-value",
        "meta": "@sys.number",
        "userDefined": true
      },
      {
        "text": " points in the ",
        "userDefined": false
      },
      {
        "text": "kitchen",
        "alias": "room",
        "meta": "@room",
        "userDefined": true
      }
    ],
    "isTemplate": false,
    "count": 0,
    "updated": 0
  },
  {
    "id": "aa2b9e40-3664-442d-9d1b-abf5c02679ab",
    "data": [
      {
        "text": "turn up brightness till ",
        "userDefined": false
      },
      {
        "text": "10",
        "alias": "final-value",
        "meta": "@sys.number",
        "userDefined": true
      },
      {
        "text": " points",
        "userDefined": false
      }
    ],
    "isTemplate": false,
    "count": 0,
    "updated": 0
  },
  {
    "id": "cbb30730-f37c-4721-9deb-0a588e7b6785",
    "data": [
      {
        "text": "turn up the ",
        "userDefined": false
      },
      {
        "text": "lights",
        "meta": "@sys.ignore",
        "userDefined": true
      }
    ],
    "isTemplate": false,
    "count": 0,
    "updated": 0
  },
  {
    "id": "a1830c6f-533b-45c3-b4a5-379ba097d84f",
    "data": [
      {
        "text": "turn up brightness by ",
        "userDefined": false
      },
      {
        "text": "10",
        "alias": "change-value",
        "meta": "@sys.number",
        "userDefined": true
      },
      {
        "text": " points",
        "userDefined": false
      }
    ],
    "isTemplate": false,
    "count": 0,
    "updated": 0
  },
  {
    "id": "272886f6-b1e7-41aa-acc3-c0e272f36f9d",
    "data": [
      {
        "text": "turn ",
        "userDefined": false
      },
      {
        "text": "lights",
        "meta": "@sys.ignore",
        "userDefined": true
      },
      {
        "text": " shine ",
        "userDefined": false
      },
      {
        "text": "20",
        "alias": "change-value",
        "meta": "@sys.number",
        "userDefined": true
      },
      {
        "text": " percents brighter",
        "userDefined": false
      }
    ],
    "isTemplate": false,
    "count": 1,
    "updated": 0
  },
  {
    "id": "59d4a3e3-ad8f-45f7-bdbf-09b63c9f6170",
    "data": [
      {
        "text": "turn ",
        "userDefined": false
      },
      {
        "text": "lights",
        "meta": "@sys.ignore",
        "userDefined": true
      },
      {
        "text": " ",
        "userDefined": false
      },
      {
        "text": "20",
        "alias": "change-value",
        "meta": "@sys.number",
        "userDefined": true
      },
      {
        "text": " percents brighter",
        "userDefined": false
      }
    ],
    "isTemplate": false,
    "count": 0,
    "updated": 0
  },
  {
    "id": "a1f3f882-3bd6-442e-9a60-c6fba0ac7b9e",
    "data": [
      {
        "text": "brightness up",
        "userDefined": false
      }
    ],
    "isTemplate": false,
    "count": 0,
    "updated": 0
  },
  {
    "id": "2172bf2d-20da-43b8-9787-997ee462751a",
    "data": [
      {
        "text": "brightness up to ",
        "userDefined": false
      },
      {
        "text": "15",
        "alias": "final-value",
        "meta": "@sys.number",
        "userDefined": true
      },
      {
        "text": " percents in the ",
        "userDefined": false
      },
      {
        "text": "bedroom",
        "alias": "room",
        "meta": "@room",
        "userDefined": true
      }
    ],
    "isTemplate": false,
    "count": 0,
    "updated": 0
  },
  {
    "id": "37167ea1-a2d7-413d-8b97-97a05ce6868a",
    "data": [
      {
        "text": "a little more ",
        "userDefined": false
      },
      {
        "text": "lights",
        "meta": "@sys.ignore",
        "userDefined": true
      }
    ],
    "isTemplate": false,
    "count": 0,
    "updated": 0
  },
  {
    "id": "f27f19f7-e212-4b00-8b8b-d15c37ef7809",
    "data": [
      {
        "text": "make ",
        "userDefined": false
      },
      {
        "text": "lights",
        "meta": "@sys.ignore",
        "userDefined": true
      },
      {
        "text": " shine ",
        "userDefined": false
      },
      {
        "text": "20",
        "alias": "change-value",
        "meta": "@sys.number",
        "userDefined": true
      },
      {
        "text": " percents brighter",
        "userDefined": false
      }
    ],
    "isTemplate": false,
    "count": 0,
    "updated": 0
  },
  {
    "id": "189d11be-c852-4522-8eff-8bb0298bc594",
    "data": [
      {
        "text": "brightness up till ",
        "userDefined": false
      },
      {
        "text": "10",
        "alias": "final-value",
        "meta": "@sys.number",
        "userDefined": true
      },
      {
        "text": " points",
        "userDefined": false
      }
    ],
    "isTemplate": false,
    "count": 0,
    "updated": 0
  },
  {
    "id": "b7e0395c-5e58-489e-8e12-9ccecda33207",
    "data": [
      {
        "text": "turn up ",
        "userDefined": false
      },
      {
        "text": "all",
        "alias": "all",
        "meta": "@all",
        "userDefined": true
      },
      {
        "text": " the ",
        "userDefined": false
      },
      {
        "text": "lights",
        "meta": "@sys.ignore",
        "userDefined": true
      }
    ],
    "isTemplate": false,
    "count": 1,
    "updated": 0
  },
  {
    "id": "f2c4de9c-abc5-483f-a198-809f4eeb1ee5",
    "data": [
      {
        "text": "make ",
        "userDefined": false
      },
      {
        "text": "lights",
        "meta": "@sys.ignore",
        "userDefined": true
      },
      {
        "text": " brighter",
        "userDefined": false
      }
    ],
    "isTemplate": false,
    "count": 0,
    "updated": 0
  },
  {
    "id": "14a297fa-e787-40c8-b820-fb7489dd5049",
    "data": [
      {
        "text": "brightness up by ",
        "userDefined": false
      },
      {
        "text": "10",
        "alias": "change-value",
        "meta": "@sys.number",
        "userDefined": true
      },
      {
        "text": " points",
        "userDefined": false
      }
    ],
    "isTemplate": false,
    "count": 0,
    "updated": 0
  },
  {
    "id": "6b2a85f3-3b82-4386-b4de-8d821e406511",
    "data": [
      {
        "text": "turn the ",
        "userDefined": false
      },
      {
        "text": "living room",
        "alias": "room",
        "meta": "@room",
        "userDefined": true
      },
      {
        "text": " ",
        "userDefined": false
      },
      {
        "text": "lights",
        "meta": "@sys.ignore",
        "userDefined": true
      },
      {
        "text": " ",
        "userDefined": false
      },
      {
        "text": "all",
        "alias": "all",
        "meta": "@all",
        "userDefined": true
      },
      {
        "text": " the way up",
        "userDefined": false
      }
    ],
    "isTemplate": false,
    "count": 0,
    "updated": 0
  },
  {
    "id": "8e11ab95-d2d0-497a-8b45-f0a900717aa4",
    "data": [
      {
        "text": "make ",
        "userDefined": false
      },
      {
        "text": "light",
        "meta": "@sys.ignore",
        "userDefined": true
      },
      {
        "text": " level up by ",
        "userDefined": false
      },
      {
        "text": "5",
        "alias": "change-value",
        "meta": "@sys.number",
        "userDefined": true
      },
      {
        "text": " points",
        "userDefined": false
      }
    ],
    "isTemplate": false,
    "count": 0,
    "updated": 0
  },
  {
    "id": "bb834eb6-b39b-4c70-a475-d782785741e5",
    "data": [
      {
        "text": "turn the ",
        "userDefined": false
      },
      {
        "text": "lights",
        "meta": "@sys.ignore",
        "userDefined": true
      },
      {
        "text": " level up till ",
        "userDefined": false
      },
      {
        "text": "5",
        "alias": "final-value",
        "meta": "@sys.number",
        "userDefined": true
      },
      {
        "text": " points in the ",
        "userDefined": false
      },
      {
        "text": "kitchen",
        "alias": "room",
        "meta": "@room",
        "userDefined": true
      }
    ],
    "isTemplate": false,
    "count": 0,
    "updated": 0
  },
  {
    "id": "e5a0233e-9c1f-4f0d-8bc4-75d12520a224",
    "data": [
      {
        "text": "turn ",
        "userDefined": false
      },
      {
        "text": "lights",
        "meta": "@sys.ignore",
        "userDefined": true
      },
      {
        "text": " ",
        "userDefined": false
      },
      {
        "text": "level",
        "meta": "@sys.ignore",
        "userDefined": true
      },
      {
        "text": " up by ",
        "userDefined": false
      },
      {
        "text": "50",
        "alias": "change-value",
        "meta": "@sys.number",
        "userDefined": true
      }
    ],
    "isTemplate": false,
    "count": 0,
    "updated": 0
  },
  {
    "id": "f319ac88-c0db-4c9f-80a4-904b31252e70",
    "data": [
      {
        "text": "make ",
        "userDefined": false
      },
      {
        "text": "lights",
        "meta": "@sys.ignore",
        "userDefined": true
      },
      {
        "text": " brighter for ",
        "userDefined": false
      },
      {
        "text": "20",
        "alias": "change-value",
        "meta": "@sys.number",
        "userDefined": true
      },
      {
        "text": " percents",
        "userDefined": false
      }
    ],
    "isTemplate": false,
    "count": 0,
    "updated": 0
  },
  {
    "id": "3fa47ff6-6364-4aa7-b2ae-8606df8b73ea",
    "data": [
      {
        "text": "brightness level",
        "meta": "@sys.ignore",
        "userDefined": true
      },
      {
        "text": " up till ",
        "userDefined": false
      },
      {
        "text": "23",
        "alias": "final-value",
        "meta": "@sys.number",
        "userDefined": true
      }
    ],
    "isTemplate": false,
    "count": 0,
    "updated": 0
  },
  {
    "id": "8f77457f-b6b3-4256-aa74-1e264e3b88bb",
    "data": [
      {
        "text": "I need brighter ",
        "userDefined": false
      },
      {
        "text": "light",
        "meta": "@sys.ignore",
        "userDefined": true
      },
      {
        "text": " in the ",
        "userDefined": false
      },
      {
        "text": "kitchen",
        "alias": "room",
        "meta": "@room",
        "userDefined": true
      }
    ],
    "isTemplate": false,
    "count": 0,
    "updated": 0
  },
  {
    "id": "895de1e9-eddd-4b26-92ba-62ff895a2f0c",
    "data": [
      {
        "text": "lights",
        "meta": "@sys.ignore",
        "userDefined": true
      },
      {
        "text": " brightness up till ",
        "userDefined": false
      },
      {
        "text": "10",
        "alias": "final-value",
        "meta": "@sys.number",
        "userDefined": true
      },
      {
        "text": " points",
        "userDefined": false
      }
    ],
    "isTemplate": false,
    "count": 0,
    "updated": 0
  },
  {
    "id": "abd31efc-1d8d-4246-b364-6c226662b6e6",
    "data": [
      {
        "text": "turn the ",
        "userDefined": false
      },
      {
        "text": "level",
        "meta": "@sys.ignore",
        "userDefined": true
      },
      {
        "text": " up till ",
        "userDefined": false
      },
      {
        "text": "23",
        "alias": "final-value",
        "meta": "@sys.number",
        "userDefined": true
      }
    ],
    "isTemplate": false,
    "count": 0,
    "updated": 0
  },
  {
    "id": "98b373bc-faa6-4765-b3bc-65c542851d42",
    "data": [
      {
        "text": "lights",
        "meta": "@sys.ignore",
        "userDefined": true
      },
      {
        "text": " brightness up to ",
        "userDefined": false
      },
      {
        "text": "15",
        "alias": "final-value",
        "meta": "@sys.number",
        "userDefined": true
      },
      {
        "text": " percents in the ",
        "userDefined": false
      },
      {
        "text": "bedroom",
        "alias": "room",
        "meta": "@room",
        "userDefined": true
      }
    ],
    "isTemplate": false,
    "count": 1,
    "updated": 0
  },
  {
    "id": "1b2d9042-f357-4f1c-9167-7d3b1f6becab",
    "data": [
      {
        "text": "turn ",
        "userDefined": false
      },
      {
        "text": "all",
        "alias": "all",
        "meta": "@all",
        "userDefined": true
      },
      {
        "text": " ",
        "userDefined": false
      },
      {
        "text": "lights",
        "meta": "@sys.ignore",
        "userDefined": true
      },
      {
        "text": " up",
        "userDefined": false
      }
    ],
    "isTemplate": false,
    "count": 0,
    "updated": 0
  },
  {
    "id": "95a0fa46-c520-42d3-880c-29a91b7879dc",
    "data": [
      {
        "text": "turn ",
        "userDefined": false
      },
      {
        "text": "lights",
        "meta": "@sys.ignore",
        "userDefined": true
      },
      {
        "text": " brighter",
        "userDefined": false
      }
    ],
    "isTemplate": false,
    "count": 0,
    "updated": 0
  },
  {
    "id": "74fdffa8-ae0e-4d59-8085-a4ee0750242d",
    "data": [
      {
        "text": "lights",
        "meta": "@sys.ignore",
        "userDefined": true
      },
      {
        "text": " ",
        "userDefined": false
      },
      {
        "text": "level",
        "meta": "@sys.ignore",
        "userDefined": true
      },
      {
        "text": " up by ",
        "userDefined": false
      },
      {
        "text": "50",
        "alias": "change-value",
        "meta": "@sys.number",
        "userDefined": true
      }
    ],
    "isTemplate": false,
    "count": 0,
    "updated": 0
  },
  {
    "id": "a4e395e8-f295-429b-9088-2dfb9f87983b",
    "data": [
      {
        "text": "lights",
        "meta": "@sys.ignore",
        "userDefined": true
      },
      {
        "text": " brightness up for ",
        "userDefined": false
      },
      {
        "text": "15",
        "alias": "change-value",
        "meta": "@sys.number",
        "userDefined": true
      },
      {
        "text": " percents in the ",
        "userDefined": false
      },
      {
        "text": "bedroom",
        "alias": "room",
        "meta": "@room",
        "userDefined": true
      }
    ],
    "isTemplate": false,
    "count": 0,
    "updated": 0
  },
  {
    "id": "2b4f487e-3231-4be6-b5d0-26f0eb60d156",
    "data": [
      {
        "text": "turn up the ",
        "userDefined": false
      },
      {
        "text": "lights",
        "meta": "@sys.ignore",
        "userDefined": true
      },
      {
        "text": " in the ",
        "userDefined": false
      },
      {
        "text": "kitchen",
        "alias": "room",
        "meta": "@room",
        "userDefined": true
      }
    ],
    "isTemplate": false,
    "count": 0,
    "updated": 0
  }
]