[
  {
    "id": "91ed06db-2eb0-442f-99b4-3953a5f71a4a",
    "data": [
      {
        "text": "turn off ",
        "userDefined": false
      },
      {
        "text": "coffee pot",
        "alias": "device",
        "meta": "@device",
        "userDefined": false
      },
      {
        "text": " in the ",
        "userDefined": false
      },
      {
        "text": "kitchen",
        "alias": "room",
        "meta": "@room",
        "userDefined": false
      }
    ],
    "isTemplate": false,
    "count": 0,
    "updated": 0
  },
  {
    "id": "12d38274-3913-42b3-8fa7-cc75d5a7a045",
    "data": [
      {
        "text": "it\u0027s boiling here turn the ",
        "userDefined": false
      },
      {
        "text": "heater",
        "alias": "device",
        "meta": "@device",
        "userDefined": true
      },
      {
        "text": " off",
        "userDefined": false
      }
    ],
    "isTemplate": false,
    "count": 0,
    "updated": 0
  },
  {
    "id": "be765f2b-44e8-4c79-95f2-c878da556333",
    "data": [
      {
        "text": "heating",
        "alias": "device",
        "meta": "@device",
        "userDefined": false
      },
      {
        "text": " off",
        "userDefined": false
      }
    ],
    "isTemplate": false,
    "count": 1,
    "updated": 0
  },
  {
    "id": "885549d1-37a3-4634-9938-8ecf24520380",
    "data": [
      {
        "text": "can you turn off ",
        "userDefined": false
      },
      {
        "text": "water cooker",
        "alias": "device",
        "meta": "@device",
        "userDefined": false
      },
      {
        "text": " in the ",
        "userDefined": false
      },
      {
        "text": "kitchen",
        "alias": "room",
        "meta": "@room",
        "userDefined": false
      }
    ],
    "isTemplate": false,
    "count": 1,
    "updated": 0
  },
  {
    "id": "c8a0ccbd-9d66-456b-b87f-f4fc0c0a7a91",
    "data": [
      {
        "text": "turn ",
        "userDefined": false
      },
      {
        "text": "off",
        "meta": "@sys.ignore",
        "userDefined": true
      },
      {
        "text": " ",
        "userDefined": false
      },
      {
        "text": "coffee pot",
        "alias": "device",
        "meta": "@device",
        "userDefined": true
      }
    ],
    "isTemplate": false,
    "count": 0,
    "updated": 0
  },
  {
    "id": "5d3514fe-7674-4d97-9e2a-02e52a1ee448",
    "data": [
      {
        "text": "turn the device off",
        "userDefined": false
      }
    ],
    "isTemplate": false,
    "count": 0,
    "updated": 0
  },
  {
    "id": "536345bc-3833-42b9-80dc-2cc6c8d52eab",
    "data": [
      {
        "text": "I feel hot turn the ",
        "userDefined": false
      },
      {
        "text": "heating",
        "alias": "device",
        "meta": "@device",
        "userDefined": false
      },
      {
        "text": " off",
        "userDefined": false
      }
    ],
    "isTemplate": false,
    "count": 1,
    "updated": 0
  },
  {
    "id": "feb612c5-84fa-470a-906e-5392a4cd81ba",
    "data": [
      {
        "text": "turn off ",
        "userDefined": false
      },
      {
        "text": "all",
        "alias": "all",
        "meta": "@all",
        "userDefined": false
      },
      {
        "text": " ",
        "userDefined": false
      },
      {
        "text": "things",
        "meta": "@sys.ignore",
        "userDefined": false
      }
    ],
    "isTemplate": false,
    "count": 0,
    "updated": 0
  },
  {
    "id": "3e045b7b-2e7c-49de-8b77-6a82f3846064",
    "data": [
      {
        "text": "turn off ",
        "userDefined": false
      },
      {
        "text": "water heater",
        "alias": "device",
        "meta": "@device",
        "userDefined": false
      },
      {
        "text": " in the ",
        "userDefined": false
      },
      {
        "text": "front room",
        "alias": "room",
        "meta": "@room",
        "userDefined": false
      }
    ],
    "isTemplate": false,
    "count": 0,
    "updated": 0
  },
  {
    "id": "e6c84404-319b-464b-ad71-05d19a51ff0b",
    "data": [
      {
        "text": "turn off the ",
        "userDefined": false
      },
      {
        "text": "heating",
        "alias": "device",
        "meta": "@device",
        "userDefined": false
      }
    ],
    "isTemplate": false,
    "count": 0,
    "updated": 0
  },
  {
    "id": "b02aff29-a9a3-4bce-be82-1b3a72f976b3",
    "data": [
      {
        "text": "can you turn off ",
        "userDefined": false
      },
      {
        "text": "computer",
        "alias": "device",
        "meta": "@device",
        "userDefined": false
      },
      {
        "text": " for me",
        "userDefined": false
      }
    ],
    "isTemplate": false,
    "count": 0,
    "updated": 0
  },
  {
    "id": "db19a937-62c1-415c-9988-e9c1f9341835",
    "data": [
      {
        "text": "can you turn off ",
        "userDefined": false
      },
      {
        "text": "water cooker",
        "alias": "device",
        "meta": "@device",
        "userDefined": false
      }
    ],
    "isTemplate": false,
    "count": 0,
    "updated": 0
  },
  {
    "id": "44035c13-86b6-4702-84d7-f8a669bf2158",
    "data": [
      {
        "text": "turn my device off for me",
        "userDefined": false
      }
    ],
    "isTemplate": false,
    "count": 0,
    "updated": 0
  },
  {
    "id": "567cb966-bdc6-476e-af96-664e92c7f0b1",
    "data": [
      {
        "text": "can you turn off ",
        "userDefined": false
      },
      {
        "text": "refrigerator",
        "alias": "device",
        "meta": "@device",
        "userDefined": false
      },
      {
        "text": " for me please",
        "userDefined": false
      }
    ],
    "isTemplate": false,
    "count": 0,
    "updated": 0
  },
  {
    "id": "b5e5f6cc-0c26-4b1d-af0a-47d2bcccacaa",
    "data": [
      {
        "text": "please turn off appliance",
        "userDefined": false
      }
    ],
    "isTemplate": false,
    "count": 0,
    "updated": 0
  },
  {
    "id": "73d1a512-e8d2-4203-a2d1-a64a795f1488",
    "data": [
      {
        "text": "I want to turn off device",
        "userDefined": false
      }
    ],
    "isTemplate": false,
    "count": 0,
    "updated": 0
  },
  {
    "id": "26748656-0748-4c3c-a5ee-400daa2ddb2b",
    "data": [
      {
        "text": "turn off ",
        "userDefined": false
      },
      {
        "text": "everything",
        "alias": "all",
        "meta": "@all",
        "userDefined": true
      }
    ],
    "isTemplate": false,
    "count": 1,
    "updated": 0
  },
  {
    "id": "c2ddb4a1-f126-4eb1-a744-60e1be877785",
    "data": [
      {
        "text": "can you turn off ",
        "userDefined": false
      },
      {
        "text": "washing machine",
        "alias": "device",
        "meta": "@device",
        "userDefined": false
      },
      {
        "text": " for me please",
        "userDefined": false
      }
    ],
    "isTemplate": false,
    "count": 0,
    "updated": 0
  },
  {
    "id": "d80bd7f4-84ad-4551-b3b4-201fdc9bff8f",
    "data": [
      {
        "text": "can you turn off ",
        "userDefined": false
      },
      {
        "text": "water heater",
        "alias": "device",
        "meta": "@device",
        "userDefined": false
      },
      {
        "text": " for me please",
        "userDefined": false
      }
    ],
    "isTemplate": false,
    "count": 0,
    "updated": 0
  },
  {
    "id": "ec3c0e71-504e-4b5a-b3dc-15a9a15ba259",
    "data": [
      {
        "text": "turn off device",
        "userDefined": false
      }
    ],
    "isTemplate": false,
    "count": 0,
    "updated": 0
  },
  {
    "id": "bd98e9de-e3ad-4079-8b00-150cc3cc27e6",
    "data": [
      {
        "text": "turn off ",
        "userDefined": false
      },
      {
        "text": "video",
        "alias": "device",
        "meta": "@device",
        "userDefined": false
      }
    ],
    "isTemplate": false,
    "count": 0,
    "updated": 0
  },
  {
    "id": "6d5bc389-5d5f-40ec-88f8-dd500a83fb98",
    "data": [
      {
        "text": "you should turn the device off",
        "userDefined": false
      }
    ],
    "isTemplate": false,
    "count": 0,
    "updated": 0
  },
  {
    "id": "ac3e4bff-6808-47cf-8c87-53e3fed94b05",
    "data": [
      {
        "text": "can you turn off ",
        "userDefined": false
      },
      {
        "text": "washing machine",
        "alias": "device",
        "meta": "@device",
        "userDefined": false
      },
      {
        "text": " in the ",
        "userDefined": false
      },
      {
        "text": "kitchen",
        "alias": "room",
        "meta": "@room",
        "userDefined": false
      }
    ],
    "isTemplate": false,
    "count": 0,
    "updated": 0
  },
  {
    "id": "12c8bc42-1a71-4cae-a75f-ecce8d955b02",
    "data": [
      {
        "text": "turn off ",
        "userDefined": false
      },
      {
        "text": "all",
        "alias": "all",
        "meta": "@all",
        "userDefined": false
      },
      {
        "text": " devices",
        "userDefined": false
      }
    ],
    "isTemplate": false,
    "count": 0,
    "updated": 0
  },
  {
    "id": "e9506f82-5c2e-477a-a775-3befcec71fb4",
    "data": [
      {
        "text": "turn off ",
        "userDefined": false
      },
      {
        "text": "computer",
        "alias": "device",
        "meta": "@device",
        "userDefined": false
      }
    ],
    "isTemplate": false,
    "count": 0,
    "updated": 0
  },
  {
    "id": "c3d738af-71fb-4e6f-a6b5-8b5aac89d0f1",
    "data": [
      {
        "text": "turn the device off for me",
        "userDefined": false
      }
    ],
    "isTemplate": false,
    "count": 0,
    "updated": 0
  },
  {
    "id": "adb26f84-1431-4039-b3c9-bf9f83eafb5b",
    "data": [
      {
        "text": "turn off ",
        "userDefined": false
      },
      {
        "text": "heating",
        "alias": "device",
        "meta": "@device",
        "userDefined": false
      },
      {
        "text": " in the ",
        "userDefined": false
      },
      {
        "text": "kitchen",
        "alias": "room",
        "meta": "@room",
        "userDefined": false
      }
    ],
    "isTemplate": false,
    "count": 1,
    "updated": 0
  },
  {
    "id": "2d70be4e-b509-401d-ab51-aa9fdc68a4f3",
    "data": [
      {
        "text": "turn off my ",
        "userDefined": false
      },
      {
        "text": "computer",
        "alias": "device",
        "meta": "@device",
        "userDefined": false
      }
    ],
    "isTemplate": false,
    "count": 1,
    "updated": 0
  },
  {
    "id": "ad63dc3d-9267-4052-8d7a-e8f996a771d5",
    "data": [
      {
        "text": "turn off the ",
        "userDefined": false
      },
      {
        "text": "heating",
        "alias": "device",
        "meta": "@device",
        "userDefined": false
      },
      {
        "text": " in the ",
        "userDefined": false
      },
      {
        "text": "bathroom",
        "alias": "room",
        "meta": "@room",
        "userDefined": false
      }
    ],
    "isTemplate": false,
    "count": 0,
    "updated": 0
  },
  {
    "id": "e7acce11-3855-4e9a-8ab0-e0984d7731e7",
    "data": [
      {
        "text": "can you turn off ",
        "userDefined": false
      },
      {
        "text": "heating",
        "alias": "device",
        "meta": "@device",
        "userDefined": false
      },
      {
        "text": " for me please",
        "userDefined": false
      }
    ],
    "isTemplate": false,
    "count": 0,
    "updated": 0
  },
  {
    "id": "1fa8c68f-acca-4bb3-8ccd-4b25b36ab756",
    "data": [
      {
        "text": "can you turn off ",
        "userDefined": false
      },
      {
        "text": "water cooker",
        "alias": "device",
        "meta": "@device",
        "userDefined": false
      },
      {
        "text": " for me please",
        "userDefined": false
      }
    ],
    "isTemplate": false,
    "count": 0,
    "updated": 0
  },
  {
    "id": "6b3db3d3-d9db-48e4-9fee-dbe45101b0a4",
    "data": [
      {
        "text": "turn off appliance for me",
        "userDefined": false
      }
    ],
    "isTemplate": false,
    "count": 0,
    "updated": 0
  },
  {
    "id": "eedabcf9-a55f-4914-9add-bd0cba3912ec",
    "data": [
      {
        "text": "turn off device please",
        "userDefined": false
      }
    ],
    "isTemplate": false,
    "count": 0,
    "updated": 0
  },
  {
    "id": "88449682-36da-4700-b476-c52e69d8a964",
    "data": [
      {
        "text": "I need you to turn off appliance",
        "userDefined": false
      }
    ],
    "isTemplate": false,
    "count": 0,
    "updated": 0
  },
  {
    "id": "aad25d06-2da8-477a-85dd-4a342a397e54",
    "data": [
      {
        "text": "turn off ",
        "userDefined": false
      },
      {
        "text": "heating",
        "alias": "device",
        "meta": "@device",
        "userDefined": false
      },
      {
        "text": " in the ",
        "userDefined": false
      },
      {
        "text": "common room",
        "alias": "room",
        "meta": "@room",
        "userDefined": false
      }
    ],
    "isTemplate": false,
    "count": 0,
    "updated": 0
  },
  {
    "id": "a0a593b4-8418-43ba-b774-a78b310cf1be",
    "data": [
      {
        "text": "can you turn off ",
        "userDefined": false
      },
      {
        "text": "water heater",
        "alias": "device",
        "meta": "@device",
        "userDefined": false
      },
      {
        "text": " in the ",
        "userDefined": false
      },
      {
        "text": "kitchen",
        "alias": "room",
        "meta": "@room",
        "userDefined": false
      }
    ],
    "isTemplate": false,
    "count": 0,
    "updated": 0
  },
  {
    "id": "aa5cbc3c-dfab-4e95-a063-f875bab468fa",
    "data": [
      {
        "text": "turn off the ",
        "userDefined": false
      },
      {
        "text": "TV",
        "alias": "device",
        "meta": "@device",
        "userDefined": false
      },
      {
        "text": " please",
        "userDefined": false
      }
    ],
    "isTemplate": false,
    "count": 0,
    "updated": 0
  },
  {
    "id": "05b34ffe-afcb-4ed0-995d-bf452948797e",
    "data": [
      {
        "text": "turn off my ",
        "userDefined": false
      },
      {
        "text": "TV",
        "alias": "device",
        "meta": "@device",
        "userDefined": false
      }
    ],
    "isTemplate": false,
    "count": 1,
    "updated": 0
  },
  {
    "id": "ade90142-0346-4793-ad1a-b85ed9bb98b9",
    "data": [
      {
        "text": "turn off ",
        "userDefined": false
      },
      {
        "text": "PC",
        "alias": "device",
        "meta": "@device",
        "userDefined": false
      }
    ],
    "isTemplate": false,
    "count": 0,
    "updated": 0
  },
  {
    "id": "1e462792-bebc-4c3f-9e54-a5342dd670c0",
    "data": [
      {
        "text": "turn off the ",
        "userDefined": false
      },
      {
        "text": "TV",
        "alias": "device",
        "meta": "@device",
        "userDefined": false
      },
      {
        "text": " in the ",
        "userDefined": false
      },
      {
        "text": "kitchen",
        "alias": "room",
        "meta": "@room",
        "userDefined": false
      },
      {
        "text": " please",
        "userDefined": false
      }
    ],
    "isTemplate": false,
    "count": 0,
    "updated": 0
  },
  {
    "id": "fd881bc1-8980-4fca-9a5b-d6eaabc620fb",
    "data": [
      {
        "text": "can you turn off ",
        "userDefined": false
      },
      {
        "text": "microwave",
        "alias": "device",
        "meta": "@device",
        "userDefined": false
      },
      {
        "text": " for me please",
        "userDefined": false
      }
    ],
    "isTemplate": false,
    "count": 0,
    "updated": 0
  },
  {
    "id": "e2fdcc14-0228-407c-9788-7b204cc25ad3",
    "data": [
      {
        "text": "turn my device off",
        "userDefined": false
      }
    ],
    "isTemplate": false,
    "count": 0,
    "updated": 0
  },
  {
    "id": "1c8f2739-9a6e-44e8-83ae-e3d496b7e3cf",
    "data": [
      {
        "text": "turn off ",
        "userDefined": false
      },
      {
        "text": "outlets",
        "alias": "device",
        "meta": "@device",
        "userDefined": false
      },
      {
        "text": " in ",
        "userDefined": false
      },
      {
        "text": "bathroom",
        "alias": "room",
        "meta": "@room",
        "userDefined": false
      }
    ],
    "isTemplate": false,
    "count": 0,
    "updated": 0
  },
  {
    "id": "2582cb57-fc04-4fa7-9856-a2c84567b867",
    "data": [
      {
        "text": "can you please turn off ",
        "userDefined": false
      },
      {
        "text": "coffee machine",
        "alias": "device",
        "meta": "@device",
        "userDefined": false
      },
      {
        "text": " for me",
        "userDefined": false
      }
    ],
    "isTemplate": false,
    "count": 0,
    "updated": 0
  },
  {
    "id": "42caecba-264f-4f93-80be-2bb5e39d8cfe",
    "data": [
      {
        "text": "turn ",
        "userDefined": false
      },
      {
        "text": "off",
        "meta": "@sys.ignore",
        "userDefined": true
      },
      {
        "text": " ",
        "userDefined": false
      },
      {
        "text": "TV",
        "alias": "device",
        "meta": "@device",
        "userDefined": true
      },
      {
        "text": " in the ",
        "userDefined": false
      },
      {
        "text": "kitchen",
        "alias": "room",
        "meta": "@room",
        "userDefined": true
      }
    ],
    "isTemplate": false,
    "count": 0,
    "updated": 0
  },
  {
    "id": "18e2a2f3-614f-4454-91f5-4c8698040a17",
    "data": [
      {
        "text": "switch the device off",
        "userDefined": false
      }
    ],
    "isTemplate": false,
    "count": 0,
    "updated": 0
  },
  {
    "id": "665db5e7-17bb-4f58-8a9d-c10df320e234",
    "data": [
      {
        "text": "turn the appliance off for me",
        "userDefined": false
      }
    ],
    "isTemplate": false,
    "count": 0,
    "updated": 0
  },
  {
    "id": "7d63ab71-88e0-4a80-bef5-042047db35ef",
    "data": [
      {
        "text": "can you turn off device",
        "userDefined": false
      }
    ],
    "isTemplate": false,
    "count": 0,
    "updated": 0
  },
  {
    "id": "71c64c84-5600-4aae-9844-f2e744ae7e2e",
    "data": [
      {
        "text": "I need you to turn off device",
        "userDefined": false
      }
    ],
    "isTemplate": false,
    "count": 0,
    "updated": 0
  },
  {
    "id": "9906e905-cd19-4e9a-90b0-435d3750b84d",
    "data": [
      {
        "text": "turn off appliance please",
        "userDefined": false
      }
    ],
    "isTemplate": false,
    "count": 0,
    "updated": 0
  },
  {
    "id": "a01d01ef-4b24-45b2-9eb7-714afdd6ced8",
    "data": [
      {
        "text": "turn off ",
        "userDefined": false
      },
      {
        "text": "heating",
        "alias": "device",
        "meta": "@device",
        "userDefined": false
      },
      {
        "text": " in the ",
        "userDefined": false
      },
      {
        "text": "family room",
        "alias": "room",
        "meta": "@room",
        "userDefined": false
      }
    ],
    "isTemplate": false,
    "count": 0,
    "updated": 0
  },
  {
    "id": "632fc8b0-0faa-4832-9241-ac34892f2b29",
    "data": [
      {
        "text": "turn off ",
        "userDefined": false
      },
      {
        "text": "heating",
        "alias": "device",
        "meta": "@device",
        "userDefined": false
      },
      {
        "text": " in the ",
        "userDefined": false
      },
      {
        "text": "dressing room",
        "alias": "room",
        "meta": "@room",
        "userDefined": false
      }
    ],
    "isTemplate": false,
    "count": 0,
    "updated": 0
  },
  {
    "id": "87ca49f7-e200-4521-a889-c50b71582210",
    "data": [
      {
        "text": "you should turn my device off",
        "userDefined": false
      }
    ],
    "isTemplate": false,
    "count": 0,
    "updated": 0
  },
  {
    "id": "38c801ea-ad93-4324-af4c-e237e73a1c1e",
    "data": [
      {
        "text": "turn off the ",
        "userDefined": false
      },
      {
        "text": "video player",
        "alias": "device",
        "meta": "@device",
        "userDefined": false
      }
    ],
    "isTemplate": false,
    "count": 1,
    "updated": 0
  },
  {
    "id": "47ee6432-ee7e-4ccc-ac25-e573f80245af",
    "data": [
      {
        "text": "please turn off device",
        "userDefined": false
      }
    ],
    "isTemplate": false,
    "count": 0,
    "updated": 0
  },
  {
    "id": "b340747e-c402-4c81-a835-9d53ced0b73a",
    "data": [
      {
        "text": "can you turn off ",
        "userDefined": false
      },
      {
        "text": "humidifier",
        "alias": "device",
        "meta": "@device",
        "userDefined": false
      },
      {
        "text": " for me please",
        "userDefined": false
      }
    ],
    "isTemplate": false,
    "count": 0,
    "updated": 0
  },
  {
    "id": "2e1b28ef-96a2-42ed-a319-836ac27a32be",
    "data": [
      {
        "text": "can you turn off ",
        "userDefined": false
      },
      {
        "text": "air conditioner",
        "alias": "device",
        "meta": "@device",
        "userDefined": false
      },
      {
        "text": " for me please",
        "userDefined": false
      }
    ],
    "isTemplate": false,
    "count": 0,
    "updated": 0
  },
  {
    "id": "1964b4b3-745d-4728-ab2f-b59d531a878a",
    "data": [
      {
        "text": "turn off ",
        "userDefined": false
      },
      {
        "text": "heating",
        "alias": "device",
        "meta": "@device",
        "userDefined": false
      },
      {
        "text": " in the ",
        "userDefined": false
      },
      {
        "text": "cloakroom",
        "alias": "room",
        "meta": "@room",
        "userDefined": false
      }
    ],
    "isTemplate": false,
    "count": 0,
    "updated": 0
  },
  {
    "id": "b69e3455-7a3f-4b2b-8954-cbdeb359ded4",
    "data": [
      {
        "text": "TV",
        "alias": "device",
        "meta": "@device",
        "userDefined": true
      },
      {
        "text": " ",
        "userDefined": false
      },
      {
        "text": "off",
        "meta": "@sys.ignore",
        "userDefined": true
      }
    ],
    "isTemplate": false,
    "count": 0,
    "updated": 0
  },
  {
    "id": "9288efbe-5e0e-43b0-98e9-c6d6e92f1e21",
    "data": [
      {
        "text": "can you turn off ",
        "userDefined": false
      },
      {
        "text": "water heater",
        "alias": "device",
        "meta": "@device",
        "userDefined": false
      }
    ],
    "isTemplate": false,
    "count": 0,
    "updated": 0
  },
  {
    "id": "316df3e1-8463-4745-9bbc-f12580ce63b3",
    "data": [
      {
        "text": "can you turn off ",
        "userDefined": false
      },
      {
        "text": "washing machine",
        "alias": "device",
        "meta": "@device",
        "userDefined": false
      }
    ],
    "isTemplate": false,
    "count": 0,
    "updated": 0
  },
  {
    "id": "9fc6bfe2-f269-4bf2-b5fb-d1bfd71d2c63",
    "data": [
      {
        "text": "turn off",
        "meta": "@sys.ignore",
        "userDefined": true
      },
      {
        "text": " ",
        "userDefined": false
      },
      {
        "text": "air conditioning",
        "alias": "device",
        "meta": "@device",
        "userDefined": true
      }
    ],
    "isTemplate": false,
    "count": 0,
    "updated": 0
  },
  {
    "id": "78621edd-f1c0-4f33-bd02-0db6503b21f8",
    "data": [
      {
        "text": "can you turn off ",
        "userDefined": false
      },
      {
        "text": "video player",
        "alias": "device",
        "meta": "@device",
        "userDefined": false
      },
      {
        "text": " for me please",
        "userDefined": false
      }
    ],
    "isTemplate": false,
    "count": 0,
    "updated": 0
  },
  {
    "id": "e957a25f-bb53-4068-9559-48fa8436a32c",
    "data": [
      {
        "text": "turn off device for me",
        "userDefined": false
      }
    ],
    "isTemplate": false,
    "count": 0,
    "updated": 0
  },
  {
    "id": "0daf4d77-a0c5-49e5-98df-bf8d1b2c630b",
    "data": [
      {
        "text": "turn off ",
        "userDefined": false
      },
      {
        "text": "pump circuit",
        "alias": "device",
        "meta": "@device",
        "userDefined": false
      }
    ],
    "isTemplate": false,
    "count": 0,
    "updated": 0
  },
  {
    "id": "f27b3723-ad02-415c-93e7-541108363860",
    "data": [
      {
        "text": "turn off ",
        "userDefined": false
      },
      {
        "text": "coffee machine",
        "alias": "device",
        "meta": "@device",
        "userDefined": false
      }
    ],
    "isTemplate": false,
    "count": 0,
    "updated": 0
  },
  {
    "id": "028491ca-92f9-4d9d-a883-f135fff33b0d",
    "data": [
      {
        "text": "please turn off my device",
        "userDefined": false
      }
    ],
    "isTemplate": false,
    "count": 0,
    "updated": 0
  },
  {
    "id": "d8186c22-7320-402f-8fe0-c4e39e9fbfb0",
    "data": [
      {
        "text": "turn off ",
        "userDefined": false
      },
      {
        "text": "gas",
        "alias": "device",
        "meta": "@device",
        "userDefined": false
      }
    ],
    "isTemplate": false,
    "count": 0,
    "updated": 0
  },
  {
    "id": "d5e80fda-2d15-4ee4-bf87-72744bb413f3",
    "data": [
      {
        "text": "can you turn off appliance",
        "userDefined": false
      }
    ],
    "isTemplate": false,
    "count": 0,
    "updated": 0
  },
  {
    "id": "3d8b2554-6b05-4b85-9bd4-b8d3f28c2f6f",
    "data": [
      {
        "text": "you should turn the appliance off",
        "userDefined": false
      }
    ],
    "isTemplate": false,
    "count": 0,
    "updated": 0
  },
  {
    "id": "a207b4f9-0f4a-4a57-a977-5c4a4b3a5104",
    "data": [
      {
        "text": "turn off appliance",
        "userDefined": false
      }
    ],
    "isTemplate": false,
    "count": 0,
    "updated": 0
  },
  {
    "id": "6ce10d82-d09f-40b0-a756-c99c45a9395b",
    "data": [
      {
        "text": "turn off the ",
        "userDefined": false
      },
      {
        "text": "washing machine",
        "alias": "device",
        "meta": "@device",
        "userDefined": false
      },
      {
        "text": " in the ",
        "userDefined": false
      },
      {
        "text": "kitchen",
        "alias": "room",
        "meta": "@room",
        "userDefined": false
      },
      {
        "text": " for me please",
        "userDefined": false
      }
    ],
    "isTemplate": false,
    "count": 0,
    "updated": 0
  },
  {
    "id": "870b9f3c-34e2-491d-aa54-46538af96819",
    "data": [
      {
        "text": "can you turn off ",
        "userDefined": false
      },
      {
        "text": "TV",
        "alias": "device",
        "meta": "@device",
        "userDefined": false
      },
      {
        "text": " for me please",
        "userDefined": false
      }
    ],
    "isTemplate": false,
    "count": 0,
    "updated": 0
  },
  {
    "id": "2adc9f16-9fc2-4aad-943d-bf57879bb43d",
    "data": [
      {
        "text": "I want to turn off my device",
        "userDefined": false
      }
    ],
    "isTemplate": false,
    "count": 0,
    "updated": 0
  },
  {
    "id": "1dd1cde7-6821-4a36-93ce-35f129e9650c",
    "data": [
      {
        "text": "switch off the device",
        "userDefined": false
      }
    ],
    "isTemplate": false,
    "count": 0,
    "updated": 0
  },
  {
    "id": "5ba9157c-f460-460d-a0ad-00c74611d109",
    "data": [
      {
        "text": "hey smart things turn off the ",
        "userDefined": false
      },
      {
        "text": "oven bulb",
        "alias": "device",
        "meta": "@device",
        "userDefined": false
      }
    ],
    "isTemplate": false,
    "count": 0,
    "updated": 0
  },
  {
    "id": "7fbe4ed0-f6ca-45dd-8929-1cba820187e0",
    "data": [
      {
        "text": "turn off ",
        "userDefined": false
      },
      {
        "text": "all",
        "alias": "all",
        "meta": "@all",
        "userDefined": false
      },
      {
        "text": " appliances",
        "userDefined": false
      }
    ],
    "isTemplate": false,
    "count": 1,
    "updated": 0
  },
  {
    "id": "15dc1f56-6270-4a43-a4fc-b3f271fb0ad9",
    "data": [
      {
        "text": "I need you to turn off my device",
        "userDefined": false
      }
    ],
    "isTemplate": false,
    "count": 0,
    "updated": 0
  },
  {
    "id": "67437f10-c1e9-4684-9d3a-ca43da1aadfa",
    "data": [
      {
        "text": "can you turn off my device",
        "userDefined": false
      }
    ],
    "isTemplate": false,
    "count": 0,
    "updated": 0
  },
  {
    "id": "1e301074-2239-43b6-b696-d1ee173fe70d",
    "data": [
      {
        "text": "can you turn off ",
        "userDefined": false
      },
      {
        "text": "dishwasher",
        "alias": "device",
        "meta": "@device",
        "userDefined": false
      },
      {
        "text": " in the ",
        "userDefined": false
      },
      {
        "text": "kitchen",
        "alias": "room",
        "meta": "@room",
        "userDefined": false
      }
    ],
    "isTemplate": false,
    "count": 0,
    "updated": 0
  },
  {
    "id": "fe808088-a09d-4fc6-bd8d-39eb5ae80382",
    "data": [
      {
        "text": "can you turn off ",
        "userDefined": false
      },
      {
        "text": "video player",
        "alias": "device",
        "meta": "@device",
        "userDefined": false
      },
      {
        "text": " in the ",
        "userDefined": false
      },
      {
        "text": "kitchen",
        "alias": "room",
        "meta": "@room",
        "userDefined": false
      }
    ],
    "isTemplate": false,
    "count": 0,
    "updated": 0
  },
  {
    "id": "08845fbe-cf55-401c-b95a-eae55795ae40",
    "data": [
      {
        "text": "turn off ",
        "userDefined": false
      },
      {
        "text": "heating",
        "alias": "device",
        "meta": "@device",
        "userDefined": false
      },
      {
        "text": " in the ",
        "userDefined": false
      },
      {
        "text": "dining room",
        "alias": "room",
        "meta": "@room",
        "userDefined": false
      }
    ],
    "isTemplate": false,
    "count": 0,
    "updated": 0
  },
  {
    "id": "049ff56b-6a84-496b-8c83-749982988996",
    "data": [
      {
        "text": "turn off my ",
        "userDefined": false
      },
      {
        "text": "laptop",
        "alias": "device",
        "meta": "@device",
        "userDefined": false
      }
    ],
    "isTemplate": false,
    "count": 0,
    "updated": 0
  },
  {
    "id": "17488eca-7fce-40ea-ad6a-c6f18b3f7828",
    "data": [
      {
        "text": "turn off the ",
        "userDefined": false
      },
      {
        "text": "air conditioning",
        "alias": "device",
        "meta": "@device",
        "userDefined": false
      },
      {
        "text": " in ",
        "userDefined": false
      },
      {
        "text": "bedroom",
        "alias": "room",
        "meta": "@room",
        "userDefined": false
      }
    ],
    "isTemplate": false,
    "count": 1,
    "updated": 0
  },
  {
    "id": "2040259d-ef0c-41c8-bf58-eb288ccef253",
    "data": [
      {
        "text": "no more ",
        "userDefined": false
      },
      {
        "text": "heat",
        "alias": "device",
        "meta": "@device",
        "userDefined": false
      }
    ],
    "isTemplate": false,
    "count": 0,
    "updated": 0
  },
  {
    "id": "17f5fcde-7027-4b24-a27c-5915f17cb920",
    "data": [
      {
        "text": "turn off ",
        "userDefined": false
      },
      {
        "text": "heating",
        "alias": "device",
        "meta": "@device",
        "userDefined": false
      },
      {
        "text": " in the ",
        "userDefined": false
      },
      {
        "text": "conference room",
        "alias": "room",
        "meta": "@room",
        "userDefined": false
      }
    ],
    "isTemplate": false,
    "count": 0,
    "updated": 0
  },
  {
    "id": "73a2ba00-a509-4f2b-9eec-bd24e5997348",
    "data": [
      {
        "text": "can you turn off ",
        "userDefined": false
      },
      {
        "text": "video player",
        "alias": "device",
        "meta": "@device",
        "userDefined": false
      }
    ],
    "isTemplate": false,
    "count": 0,
    "updated": 0
  },
  {
    "id": "524fb956-ccd7-4ee7-9b04-b78318a2dc40",
    "data": [
      {
        "text": "turn off the ",
        "userDefined": false
      },
      {
        "text": "TV",
        "alias": "device",
        "meta": "@device",
        "userDefined": false
      },
      {
        "text": " in ",
        "userDefined": false
      },
      {
        "text": "foyer",
        "alias": "room",
        "meta": "@room",
        "userDefined": false
      }
    ],
    "isTemplate": false,
    "count": 0,
    "updated": 0
  },
  {
    "id": "45e936ed-7a5d-43db-a86e-6ea00ea0fffc",
    "data": [
      {
        "text": "turn off ",
        "userDefined": false
      },
      {
        "text": "air conditioner",
        "alias": "device",
        "meta": "@device",
        "userDefined": false
      }
    ],
    "isTemplate": false,
    "count": 0,
    "updated": 0
  },
  {
    "id": "d991a966-d4ca-4215-b09d-65e6a30055c0",
    "data": [
      {
        "text": "turn the appliance off",
        "userDefined": false
      }
    ],
    "isTemplate": false,
    "count": 0,
    "updated": 0
  },
  {
    "id": "0e642486-d3f8-4695-9c48-37b4e51b91ad",
    "data": [
      {
        "text": "turn off my device please",
        "userDefined": false
      }
    ],
    "isTemplate": false,
    "count": 0,
    "updated": 0
  },
  {
    "id": "062d4321-4af7-4a36-a230-5ddf4f9d2b1b",
    "data": [
      {
        "text": "turn ",
        "userDefined": false
      },
      {
        "text": "off",
        "meta": "@sys.ignore",
        "userDefined": true
      },
      {
        "text": " ",
        "userDefined": false
      },
      {
        "text": "TV",
        "alias": "device",
        "meta": "@device",
        "userDefined": true
      },
      {
        "text": " ",
        "userDefined": false
      },
      {
        "text": "everywhere",
        "alias": "all",
        "meta": "@all",
        "userDefined": true
      }
    ],
    "isTemplate": false,
    "count": 0,
    "updated": 0
  },
  {
    "id": "34d878d4-c74a-4eea-a53e-66ed2bbd631a",
    "data": [
      {
        "text": "switch off the ",
        "userDefined": false
      },
      {
        "text": "heating",
        "alias": "device",
        "meta": "@device",
        "userDefined": false
      }
    ],
    "isTemplate": false,
    "count": 1,
    "updated": 0
  },
  {
    "id": "1516e653-4b02-492e-8bf0-33b57e8bc203",
    "data": [
      {
        "text": "turn off my device for me",
        "userDefined": false
      }
    ],
    "isTemplate": false,
    "count": 0,
    "updated": 0
  },
  {
    "id": "b6c668a9-7632-4b14-9acd-6d897520961b",
    "data": [
      {
        "text": "I want to turn off appliance",
        "userDefined": false
      }
    ],
    "isTemplate": false,
    "count": 0,
    "updated": 0
  }
]