[
  {
    "id": "60d5e291-70e3-44dd-8457-4ce5ad98fe5a",
    "data": [
      {
        "text": "turn on the lights when I ",
        "userDefined": false
      },
      {
        "text": "come",
        "alias": "condition",
        "meta": "@condition",
        "userDefined": true
      },
      {
        "text": " home",
        "userDefined": false
      }
    ],
    "isTemplate": false,
    "count": 0,
    "updated": 0
  },
  {
    "id": "6fed92de-0c9b-47c2-924d-7a0adb96c5fe",
    "data": [
      {
        "text": "turn on my ",
        "userDefined": false
      },
      {
        "text": "table lamp",
        "alias": "device",
        "meta": "@lights",
        "userDefined": true
      },
      {
        "text": " at ",
        "userDefined": false
      },
      {
        "text": "9 pm",
        "alias": "date-time",
        "meta": "@sys.date-time",
        "userDefined": true
      }
    ],
    "isTemplate": false,
    "count": 1,
    "updated": 0
  },
  {
    "id": "557e2ed9-6dda-41e3-8174-19daf3f31f81",
    "data": [
      {
        "text": "turn ",
        "userDefined": false
      },
      {
        "text": "on",
        "meta": "@sys.ignore",
        "userDefined": true
      },
      {
        "text": " ",
        "userDefined": false
      },
      {
        "text": "red",
        "alias": "color",
        "meta": "@color",
        "userDefined": true
      },
      {
        "text": " ",
        "userDefined": false
      },
      {
        "text": "lights",
        "meta": "@sys.ignore",
        "userDefined": true
      },
      {
        "text": " on ",
        "userDefined": false
      },
      {
        "text": "Mondays",
        "alias": "recurrence",
        "meta": "@recurrence",
        "userDefined": false
      }
    ],
    "isTemplate": false,
    "count": 0,
    "updated": 0
  },
  {
    "id": "eaa8785d-0fe2-4ddf-9959-7c9e8ba88a39",
    "data": [
      {
        "text": "red",
        "alias": "color",
        "meta": "@color",
        "userDefined": true
      },
      {
        "text": " ",
        "userDefined": false
      },
      {
        "text": "light",
        "meta": "@sys.ignore",
        "userDefined": true
      },
      {
        "text": " ",
        "userDefined": false
      },
      {
        "text": "on",
        "meta": "@sys.ignore",
        "userDefined": true
      },
      {
        "text": " ",
        "userDefined": false
      },
      {
        "text": "after 3 hours",
        "alias": "date-time",
        "meta": "@sys.date-time",
        "userDefined": true
      }
    ],
    "isTemplate": false,
    "count": 0,
    "updated": 0
  },
  {
    "id": "19d7343f-57fb-4a02-9a0a-62a635e499a7",
    "data": [
      {
        "text": "light",
        "meta": "@sys.ignore",
        "userDefined": true
      },
      {
        "text": " ",
        "userDefined": false
      },
      {
        "text": "on",
        "meta": "@sys.ignore",
        "userDefined": true
      },
      {
        "text": " in ",
        "userDefined": false
      },
      {
        "text": "all",
        "alias": "all",
        "meta": "@all",
        "userDefined": false
      },
      {
        "text": " rooms when I ",
        "userDefined": false
      },
      {
        "text": "leave",
        "alias": "condition",
        "meta": "@condition",
        "userDefined": true
      }
    ],
    "isTemplate": false,
    "count": 0,
    "updated": 0
  },
  {
    "id": "ff7dfb31-454a-4070-bceb-0deec2ad03dc",
    "data": [
      {
        "text": "turn ",
        "userDefined": false
      },
      {
        "text": "on",
        "meta": "@sys.ignore",
        "userDefined": true
      },
      {
        "text": " the ",
        "userDefined": false
      },
      {
        "text": "lights",
        "meta": "@sys.ignore",
        "userDefined": true
      },
      {
        "text": " when I ",
        "userDefined": false
      },
      {
        "text": "leave",
        "alias": "condition",
        "meta": "@condition",
        "userDefined": true
      },
      {
        "text": " ",
        "userDefined": false
      },
      {
        "text": "home",
        "meta": "@sys.ignore",
        "userDefined": true
      }
    ],
    "isTemplate": false,
    "count": 0,
    "updated": 0
  },
  {
    "id": "761f6c4c-3295-4ab2-a8a4-5be72743cd61",
    "data": [
      {
        "text": "turn ",
        "userDefined": false
      },
      {
        "text": "off",
        "meta": "@sys.ignore",
        "userDefined": true
      },
      {
        "text": " ",
        "userDefined": false
      },
      {
        "text": "all",
        "alias": "all",
        "meta": "@all",
        "userDefined": true
      },
      {
        "text": " the ",
        "userDefined": false
      },
      {
        "text": "lights",
        "meta": "@sys.ignore",
        "userDefined": true
      },
      {
        "text": " at ",
        "userDefined": false
      },
      {
        "text": "home",
        "meta": "@sys.ignore",
        "userDefined": true
      },
      {
        "text": " ",
        "userDefined": false
      },
      {
        "text": "at 11 pm",
        "alias": "date-time",
        "meta": "@sys.date-time",
        "userDefined": true
      },
      {
        "text": " ",
        "userDefined": false
      },
      {
        "text": "every day",
        "alias": "recurrence",
        "meta": "@recurrence",
        "userDefined": true
      }
    ],
    "isTemplate": false,
    "count": 0,
    "updated": 0
  },
  {
    "id": "8f61cbe4-e213-4851-8e61-a4fcc5bce11b",
    "data": [
      {
        "text": "turn ",
        "userDefined": false
      },
      {
        "text": "on",
        "meta": "@sys.ignore",
        "userDefined": true
      },
      {
        "text": " ",
        "userDefined": false
      },
      {
        "text": "bathroom",
        "alias": "room",
        "meta": "@room",
        "userDefined": true
      },
      {
        "text": " ",
        "userDefined": false
      },
      {
        "text": "light",
        "meta": "@sys.ignore",
        "userDefined": true
      },
      {
        "text": " ",
        "userDefined": false
      },
      {
        "text": "every day",
        "alias": "recurrence",
        "meta": "@recurrence",
        "userDefined": true
      }
    ],
    "isTemplate": false,
    "count": 0,
    "updated": 0
  },
  {
    "id": "409091a0-3843-46cf-b2ca-8ead50c8179f",
    "data": [
      {
        "text": "turn on the ",
        "userDefined": false
      },
      {
        "text": "lights",
        "meta": "@sys.ignore",
        "userDefined": false
      },
      {
        "text": " at ",
        "userDefined": false
      },
      {
        "text": "sunset",
        "alias": "condition",
        "meta": "@condition",
        "userDefined": false
      }
    ],
    "isTemplate": false,
    "count": 1,
    "updated": 0
  },
  {
    "id": "7cdcf84f-f3b4-4f02-8e7f-f01bf3532609",
    "data": [
      {
        "text": "turn off the ",
        "userDefined": false
      },
      {
        "text": "lights",
        "meta": "@sys.ignore",
        "userDefined": false
      },
      {
        "text": " ",
        "userDefined": false
      },
      {
        "text": "when the sun rises",
        "alias": "condition",
        "meta": "@condition",
        "userDefined": false
      }
    ],
    "isTemplate": false,
    "count": 0,
    "updated": 0
  },
  {
    "id": "821c44e4-4acf-4dd8-9279-c29084a3fed6",
    "data": [
      {
        "text": "turn on the ",
        "userDefined": false
      },
      {
        "text": "lights",
        "meta": "@sys.ignore",
        "userDefined": false
      },
      {
        "text": " ",
        "userDefined": false
      },
      {
        "text": "every day",
        "alias": "recurrence",
        "meta": "@recurrence",
        "userDefined": false
      }
    ],
    "isTemplate": false,
    "count": 1,
    "updated": 0
  },
  {
    "id": "d3ad43bb-c50e-4423-9826-e54e76410a28",
    "data": [
      {
        "text": "turn on ",
        "userDefined": false
      },
      {
        "text": "romantic",
        "alias": "color",
        "meta": "@color",
        "userDefined": false
      },
      {
        "text": " ",
        "userDefined": false
      },
      {
        "text": "lights",
        "meta": "@sys.ignore",
        "userDefined": false
      },
      {
        "text": " in the ",
        "userDefined": false
      },
      {
        "text": "kitchen",
        "alias": "room",
        "meta": "@room",
        "userDefined": false
      },
      {
        "text": " ",
        "userDefined": false
      },
      {
        "text": "at 5 pm",
        "alias": "date-time",
        "meta": "@sys.date-time",
        "userDefined": false
      }
    ],
    "isTemplate": false,
    "count": 1,
    "updated": 0
  },
  {
    "id": "9ab68f5f-6170-4b7c-ab5e-d1247210b543",
    "data": [
      {
        "text": "turn on ",
        "userDefined": false
      },
      {
        "text": "green",
        "alias": "color",
        "meta": "@color",
        "userDefined": false
      },
      {
        "text": " ",
        "userDefined": false
      },
      {
        "text": "lights",
        "meta": "@sys.ignore",
        "userDefined": false
      },
      {
        "text": " ",
        "userDefined": false
      },
      {
        "text": "every day",
        "alias": "recurrence",
        "meta": "@recurrence",
        "userDefined": false
      }
    ],
    "isTemplate": false,
    "count": 1,
    "updated": 0
  },
  {
    "id": "e5649054-ff9a-4766-a959-4fcef2b3affa",
    "data": [
      {
        "text": "turn on ",
        "userDefined": false
      },
      {
        "text": "kitchen",
        "alias": "room",
        "meta": "@room",
        "userDefined": false
      },
      {
        "text": " ",
        "userDefined": false
      },
      {
        "text": "lights",
        "meta": "@sys.ignore",
        "userDefined": false
      },
      {
        "text": " ",
        "userDefined": false
      },
      {
        "text": "every day",
        "alias": "recurrence",
        "meta": "@recurrence",
        "userDefined": false
      }
    ],
    "isTemplate": false,
    "count": 1,
    "updated": 0
  },
  {
    "id": "5df775c4-f50b-4838-8f7d-e4c202c769c3",
    "data": [
      {
        "text": "turn on ",
        "userDefined": false
      },
      {
        "text": "romantic",
        "alias": "color",
        "meta": "@color",
        "userDefined": false
      },
      {
        "text": " ",
        "userDefined": false
      },
      {
        "text": "lights",
        "meta": "@sys.ignore",
        "userDefined": false
      },
      {
        "text": " in the ",
        "userDefined": false
      },
      {
        "text": "kitchen",
        "alias": "room",
        "meta": "@room",
        "userDefined": false
      },
      {
        "text": " ",
        "userDefined": false
      },
      {
        "text": "every day",
        "alias": "recurrence",
        "meta": "@recurrence",
        "userDefined": false
      }
    ],
    "isTemplate": false,
    "count": 1,
    "updated": 0
  },
  {
    "id": "36f58cc6-f117-4a59-83d9-de79b5e6d8eb",
    "data": [
      {
        "text": "turn on ",
        "userDefined": false
      },
      {
        "text": "all",
        "alias": "all",
        "meta": "@all",
        "userDefined": false
      },
      {
        "text": " ",
        "userDefined": false
      },
      {
        "text": "lights",
        "meta": "@sys.ignore",
        "userDefined": false
      },
      {
        "text": " ",
        "userDefined": false
      },
      {
        "text": "every day",
        "alias": "recurrence",
        "meta": "@recurrence",
        "userDefined": false
      }
    ],
    "isTemplate": false,
    "count": 1,
    "updated": 0
  },
  {
    "id": "0d0d6dd0-1da4-40d5-adb9-71a9053af498",
    "data": [
      {
        "text": "turn on ",
        "userDefined": false
      },
      {
        "text": "all",
        "alias": "all",
        "meta": "@all",
        "userDefined": false
      },
      {
        "text": " ",
        "userDefined": false
      },
      {
        "text": "bedroom",
        "alias": "room",
        "meta": "@room",
        "userDefined": false
      },
      {
        "text": " ",
        "userDefined": false
      },
      {
        "text": "lights",
        "meta": "@sys.ignore",
        "userDefined": false
      },
      {
        "text": " ",
        "userDefined": false
      },
      {
        "text": "every day",
        "alias": "recurrence",
        "meta": "@recurrence",
        "userDefined": false
      }
    ],
    "isTemplate": false,
    "count": 1,
    "updated": 0
  },
  {
    "id": "6b57bfcb-4638-4438-9fb0-cc07b844f732",
    "data": [
      {
        "text": "turn on the ",
        "userDefined": false
      },
      {
        "text": "lights",
        "meta": "@sys.ignore",
        "userDefined": false
      },
      {
        "text": "every day",
        "alias": "recurrence",
        "meta": "@recurrence",
        "userDefined": false
      },
      {
        "text": " ",
        "userDefined": false
      },
      {
        "text": "at 5 pm",
        "alias": "date-time",
        "meta": "@sys.date-time",
        "userDefined": false
      }
    ],
    "isTemplate": false,
    "count": 1,
    "updated": 0
  },
  {
    "id": "41b18f2e-3da7-46da-9eea-485564c036af",
    "data": [
      {
        "text": "turn on ",
        "userDefined": false
      },
      {
        "text": "romantic",
        "alias": "color",
        "meta": "@color",
        "userDefined": false
      },
      {
        "text": " ",
        "userDefined": false
      },
      {
        "text": "lights",
        "meta": "@sys.ignore",
        "userDefined": false
      },
      {
        "text": " in the ",
        "userDefined": false
      },
      {
        "text": "kitchen",
        "alias": "room",
        "meta": "@room",
        "userDefined": false
      },
      {
        "text": " ",
        "userDefined": false
      },
      {
        "text": "every day",
        "alias": "recurrence",
        "meta": "@recurrence",
        "userDefined": false
      },
      {
        "text": " ",
        "userDefined": false
      },
      {
        "text": "at 5 pm",
        "alias": "date-time",
        "meta": "@sys.date-time",
        "userDefined": false
      }
    ],
    "isTemplate": false,
    "count": 1,
    "updated": 0
  },
  {
    "id": "494e14e9-1c27-4cda-8ee5-63e7cac45038",
    "data": [
      {
        "text": "turn on the ",
        "userDefined": false
      },
      {
        "text": "lights",
        "meta": "@sys.ignore",
        "userDefined": false
      },
      {
        "text": " ",
        "userDefined": false
      },
      {
        "text": "at 5 pm",
        "alias": "date-time",
        "meta": "@sys.date-time",
        "userDefined": false
      }
    ],
    "isTemplate": false,
    "count": 0,
    "updated": 0
  },
  {
    "id": "52135d03-b941-49b8-b214-445bbd9795d8",
    "data": [
      {
        "text": "turn on ",
        "userDefined": false
      },
      {
        "text": "green",
        "alias": "color",
        "meta": "@color",
        "userDefined": false
      },
      {
        "text": " ",
        "userDefined": false
      },
      {
        "text": "lights",
        "meta": "@sys.ignore",
        "userDefined": false
      },
      {
        "text": " ",
        "userDefined": false
      },
      {
        "text": "at 5 pm",
        "alias": "date-time",
        "meta": "@sys.date-time",
        "userDefined": false
      }
    ],
    "isTemplate": false,
    "count": 0,
    "updated": 0
  },
  {
    "id": "030ca44f-22d6-4414-99df-a8e6aaca8c1b",
    "data": [
      {
        "text": "turn on lights in the ",
        "userDefined": false
      },
      {
        "text": "bathroom",
        "alias": "room",
        "meta": "@room",
        "userDefined": true
      },
      {
        "text": " ",
        "userDefined": false
      },
      {
        "text": "every morning",
        "alias": "recurrence",
        "meta": "@recurrence",
        "userDefined": true
      },
      {
        "text": " at ",
        "userDefined": false
      },
      {
        "text": "6:30",
        "alias": "date-time",
        "meta": "@sys.date-time",
        "userDefined": true
      }
    ],
    "isTemplate": false,
    "count": 0,
    "updated": 0
  },
  {
    "id": "0f3dd9c5-3a68-4492-8a31-e6e42772bb8d",
    "data": [
      {
        "text": "turn on ",
        "userDefined": false
      },
      {
        "text": "kitchen",
        "alias": "room",
        "meta": "@room",
        "userDefined": false
      },
      {
        "text": " ",
        "userDefined": false
      },
      {
        "text": "lights",
        "meta": "@sys.ignore",
        "userDefined": false
      },
      {
        "text": " ",
        "userDefined": false
      },
      {
        "text": "at 5 pm",
        "alias": "date-time",
        "meta": "@sys.date-time",
        "userDefined": false
      }
    ],
    "isTemplate": false,
    "count": 1,
    "updated": 0
  },
  {
    "id": "8c85fd61-f2bf-42a5-8f98-75987221e31c",
    "data": [
      {
        "text": "turn on ",
        "userDefined": false
      },
      {
        "text": "all",
        "alias": "all",
        "meta": "@all",
        "userDefined": false
      },
      {
        "text": " ",
        "userDefined": false
      },
      {
        "text": "lights",
        "meta": "@sys.ignore",
        "userDefined": false
      },
      {
        "text": " ",
        "userDefined": false
      },
      {
        "text": "at 5 pm",
        "alias": "date-time",
        "meta": "@sys.date-time",
        "userDefined": false
      }
    ],
    "isTemplate": false,
    "count": 0,
    "updated": 0
  },
  {
    "id": "47769330-2e09-4299-b0df-7760dbf4f68f",
    "data": [
      {
        "text": "turn on ",
        "userDefined": false
      },
      {
        "text": "all",
        "alias": "all",
        "meta": "@all",
        "userDefined": false
      },
      {
        "text": " ",
        "userDefined": false
      },
      {
        "text": "bedroom",
        "alias": "room",
        "meta": "@room",
        "userDefined": false
      },
      {
        "text": " ",
        "userDefined": false
      },
      {
        "text": "lights",
        "meta": "@sys.ignore",
        "userDefined": false
      },
      {
        "text": " ",
        "userDefined": false
      },
      {
        "text": "at 5 pm",
        "alias": "date-time",
        "meta": "@sys.date-time",
        "userDefined": false
      }
    ],
    "isTemplate": false,
    "count": 0,
    "updated": 0
  },
  {
    "id": "8c3a8188-631a-4c39-b149-57beca199e00",
    "data": [
      {
        "text": "turn on ",
        "userDefined": false
      },
      {
        "text": "green",
        "alias": "color",
        "meta": "@color",
        "userDefined": false
      },
      {
        "text": " ",
        "userDefined": false
      },
      {
        "text": "lights",
        "meta": "@sys.ignore",
        "userDefined": false
      },
      {
        "text": " ",
        "userDefined": false
      },
      {
        "text": "every day",
        "alias": "recurrence",
        "meta": "@recurrence",
        "userDefined": false
      },
      {
        "text": " ",
        "userDefined": false
      },
      {
        "text": "at 5 pm",
        "alias": "date-time",
        "meta": "@sys.date-time",
        "userDefined": false
      }
    ],
    "isTemplate": false,
    "count": 0,
    "updated": 0
  },
  {
    "id": "d4da5a24-0129-4051-9dc2-66f70ef1b2d0",
    "data": [
      {
        "text": "turn on ",
        "userDefined": false
      },
      {
        "text": "kitchen",
        "alias": "room",
        "meta": "@room",
        "userDefined": false
      },
      {
        "text": " ",
        "userDefined": false
      },
      {
        "text": "lights",
        "meta": "@sys.ignore",
        "userDefined": false
      },
      {
        "text": " ",
        "userDefined": false
      },
      {
        "text": "every day",
        "alias": "recurrence",
        "meta": "@recurrence",
        "userDefined": false
      },
      {
        "text": " ",
        "userDefined": false
      },
      {
        "text": "at 5 pm",
        "alias": "date-time",
        "meta": "@sys.date-time",
        "userDefined": false
      }
    ],
    "isTemplate": false,
    "count": 0,
    "updated": 0
  },
  {
    "id": "59e54a0e-ea52-45e9-a43d-4f278b3b0266",
    "data": [
      {
        "text": "turn on ",
        "userDefined": false
      },
      {
        "text": "all",
        "alias": "all",
        "meta": "@all",
        "userDefined": false
      },
      {
        "text": " ",
        "userDefined": false
      },
      {
        "text": "lights",
        "meta": "@sys.ignore",
        "userDefined": false
      },
      {
        "text": " ",
        "userDefined": false
      },
      {
        "text": "every day",
        "alias": "recurrence",
        "meta": "@recurrence",
        "userDefined": false
      },
      {
        "text": " ",
        "userDefined": false
      },
      {
        "text": "at 5 pm",
        "alias": "date-time",
        "meta": "@sys.date-time",
        "userDefined": false
      }
    ],
    "isTemplate": false,
    "count": 0,
    "updated": 0
  },
  {
    "id": "8859ca4e-e149-47fd-8033-2c53bbf84963",
    "data": [
      {
        "text": "turn on ",
        "userDefined": false
      },
      {
        "text": "all",
        "alias": "all",
        "meta": "@all",
        "userDefined": false
      },
      {
        "text": " ",
        "userDefined": false
      },
      {
        "text": "bedroom",
        "alias": "room",
        "meta": "@room",
        "userDefined": false
      },
      {
        "text": " ",
        "userDefined": false
      },
      {
        "text": "lights",
        "meta": "@sys.ignore",
        "userDefined": false
      },
      {
        "text": " ",
        "userDefined": false
      },
      {
        "text": "every day",
        "alias": "recurrence",
        "meta": "@recurrence",
        "userDefined": false
      },
      {
        "text": " ",
        "userDefined": false
      },
      {
        "text": "at 5 pm",
        "alias": "date-time",
        "meta": "@sys.date-time",
        "userDefined": false
      }
    ],
    "isTemplate": false,
    "count": 0,
    "updated": 0
  },
  {
    "id": "4b6d33e7-3724-4f40-a889-f146523d17dd",
    "data": [
      {
        "text": "turn on ",
        "userDefined": false
      },
      {
        "text": "green",
        "alias": "color",
        "meta": "@color",
        "userDefined": false
      },
      {
        "text": " ",
        "userDefined": false
      },
      {
        "text": "lights",
        "meta": "@sys.ignore",
        "userDefined": false
      },
      {
        "text": " when I ",
        "userDefined": false
      },
      {
        "text": "come",
        "alias": "condition",
        "meta": "@condition",
        "userDefined": false
      }
    ],
    "isTemplate": false,
    "count": 0,
    "updated": 0
  },
  {
    "id": "1876efea-5948-488e-b0b6-10ac61541f63",
    "data": [
      {
        "text": "turn on ",
        "userDefined": false
      },
      {
        "text": "kitchen",
        "alias": "room",
        "meta": "@room",
        "userDefined": false
      },
      {
        "text": " ",
        "userDefined": false
      },
      {
        "text": "lights",
        "meta": "@sys.ignore",
        "userDefined": false
      },
      {
        "text": " ",
        "userDefined": false
      },
      {
        "text": "when the sun sets",
        "alias": "condition",
        "meta": "@condition",
        "userDefined": false
      }
    ],
    "isTemplate": false,
    "count": 0,
    "updated": 0
  },
  {
    "id": "1a3ad6e3-bf70-455f-90e0-4a12f07e9a72",
    "data": [
      {
        "text": "turn on ",
        "userDefined": false
      },
      {
        "text": "romantic",
        "alias": "color",
        "meta": "@color",
        "userDefined": false
      },
      {
        "text": " ",
        "userDefined": false
      },
      {
        "text": "lights",
        "meta": "@sys.ignore",
        "userDefined": false
      },
      {
        "text": " in the ",
        "userDefined": false
      },
      {
        "text": "kitchen",
        "alias": "room",
        "meta": "@room",
        "userDefined": false
      },
      {
        "text": " when I ",
        "userDefined": false
      },
      {
        "text": "come",
        "alias": "condition",
        "meta": "@condition",
        "userDefined": false
      }
    ],
    "isTemplate": false,
    "count": 0,
    "updated": 0
  },
  {
    "id": "4d499434-1f9d-4777-b3ba-fc91466c2f3f",
    "data": [
      {
        "text": "turn on ",
        "userDefined": false
      },
      {
        "text": "all",
        "alias": "all",
        "meta": "@all",
        "userDefined": false
      },
      {
        "text": " ",
        "userDefined": false
      },
      {
        "text": "lights",
        "meta": "@sys.ignore",
        "userDefined": false
      },
      {
        "text": " when I ",
        "userDefined": false
      },
      {
        "text": "come",
        "alias": "condition",
        "meta": "@condition",
        "userDefined": false
      }
    ],
    "isTemplate": false,
    "count": 0,
    "updated": 0
  },
  {
    "id": "85bdc503-b01d-4bdf-9b4c-efcc39e58104",
    "data": [
      {
        "text": "turn on ",
        "userDefined": false
      },
      {
        "text": "all",
        "alias": "all",
        "meta": "@all",
        "userDefined": false
      },
      {
        "text": " ",
        "userDefined": false
      },
      {
        "text": "bedroom",
        "alias": "room",
        "meta": "@room",
        "userDefined": false
      },
      {
        "text": " ",
        "userDefined": false
      },
      {
        "text": "lights",
        "meta": "@sys.ignore",
        "userDefined": false
      },
      {
        "text": " when I ",
        "userDefined": false
      },
      {
        "text": "come",
        "alias": "condition",
        "meta": "@condition",
        "userDefined": false
      }
    ],
    "isTemplate": false,
    "count": 0,
    "updated": 0
  },
  {
    "id": "e669586a-e7a3-4fac-8eea-d92d6018d031",
    "data": [
      {
        "text": "turn ",
        "userDefined": false
      },
      {
        "text": "light yellow",
        "alias": "color",
        "meta": "@color",
        "userDefined": true
      },
      {
        "text": " ",
        "userDefined": false
      },
      {
        "text": "lights",
        "meta": "@sys.ignore",
        "userDefined": true
      },
      {
        "text": " in the ",
        "userDefined": false
      },
      {
        "text": "bathroom",
        "alias": "room",
        "meta": "@room",
        "userDefined": true
      },
      {
        "text": " ",
        "userDefined": false
      },
      {
        "text": "every morning",
        "alias": "recurrence",
        "meta": "@recurrence",
        "userDefined": true
      },
      {
        "text": " at ",
        "userDefined": false
      },
      {
        "text": "6:30",
        "alias": "date-time",
        "meta": "@sys.date-time",
        "userDefined": true
      }
    ],
    "isTemplate": false,
    "count": 0,
    "updated": 0
  }
]