[
  {
    "id": "71e7ba81-ee01-4a11-9089-a46a3779da29",
    "data": [
      {
        "text": "kitchen",
        "alias": "room",
        "meta": "@room",
        "userDefined": true
      },
      {
        "text": " ",
        "userDefined": false
      },
      {
        "text": "yellow",
        "alias": "color",
        "meta": "@color",
        "userDefined": true
      },
      {
        "text": " ",
        "userDefined": false
      },
      {
        "text": "lights",
        "meta": "@sys.ignore",
        "userDefined": true
      },
      {
        "text": " ",
        "userDefined": false
      },
      {
        "text": "down",
        "meta": "@sys.ignore",
        "userDefined": true
      }
    ],
    "isTemplate": false,
    "count": 1,
    "updated": 0
  },
  {
    "id": "97a14288-d542-4362-bbc4-13c68bbc03e1",
    "data": [
      {
        "text": "dim the ",
        "userDefined": false
      },
      {
        "text": "table lamp",
        "alias": "device",
        "meta": "@lights",
        "userDefined": true
      }
    ],
    "isTemplate": false,
    "count": 1,
    "updated": 0
  },
  {
    "id": "a3c7d7e4-b93d-4f4e-ab8a-3b22cb1b56cc",
    "data": [
      {
        "text": "lower",
        "meta": "@sys.ignore",
        "userDefined": true
      },
      {
        "text": " the brightness of ",
        "userDefined": false
      },
      {
        "text": "all",
        "alias": "all",
        "meta": "@all",
        "userDefined": true
      },
      {
        "text": " ",
        "userDefined": false
      },
      {
        "text": "lights",
        "meta": "@sys.ignore",
        "userDefined": true
      }
    ],
    "isTemplate": false,
    "count": 0,
    "updated": 0
  },
  {
    "id": "0ce0c608-6aa7-4885-8f1a-1a1f7a50631e",
    "data": [
      {
        "text": "lights",
        "meta": "@sys.ignore",
        "userDefined": true
      },
      {
        "text": " brightness down by ",
        "userDefined": false
      },
      {
        "text": "50",
        "alias": "change-value",
        "meta": "@sys.number",
        "userDefined": true
      },
      {
        "text": " points",
        "userDefined": false
      }
    ],
    "isTemplate": false,
    "count": 0,
    "updated": 0
  },
  {
    "id": "95391784-c5f3-4a60-a01d-2df174d14390",
    "data": [
      {
        "text": "turn ",
        "userDefined": false
      },
      {
        "text": "lights",
        "meta": "@sys.ignore",
        "userDefined": false
      },
      {
        "text": " lower for ",
        "userDefined": false
      },
      {
        "text": "20",
        "alias": "change-value",
        "meta": "@sys.number",
        "userDefined": false
      },
      {
        "text": " percents",
        "userDefined": false
      }
    ],
    "isTemplate": false,
    "count": 0,
    "updated": 0
  },
  {
    "id": "d233dfa9-0363-468a-8c3d-b604980b1df4",
    "data": [
      {
        "text": "lights",
        "meta": "@sys.ignore",
        "userDefined": true
      },
      {
        "text": " down by ",
        "userDefined": false
      },
      {
        "text": "50",
        "alias": "change-value",
        "meta": "@sys.number",
        "userDefined": true
      },
      {
        "text": " points",
        "userDefined": false
      }
    ],
    "isTemplate": false,
    "count": 0,
    "updated": 0
  },
  {
    "id": "1dc43126-0cde-45af-a859-ad7931b47ccf",
    "data": [
      {
        "text": "darken ",
        "userDefined": false
      },
      {
        "text": "lights",
        "meta": "@sys.ignore",
        "userDefined": false
      },
      {
        "text": " till ",
        "userDefined": false
      },
      {
        "text": "40",
        "alias": "final-value",
        "meta": "@sys.number",
        "userDefined": false
      },
      {
        "text": " percents",
        "userDefined": false
      }
    ],
    "isTemplate": false,
    "count": 0,
    "updated": 0
  },
  {
    "id": "a17110cf-202e-4d3b-8265-a0d9981c4804",
    "data": [
      {
        "text": "make ",
        "userDefined": false
      },
      {
        "text": "lights",
        "meta": "@sys.ignore",
        "userDefined": false
      },
      {
        "text": " lower for ",
        "userDefined": false
      },
      {
        "text": "20",
        "alias": "change-value",
        "meta": "@sys.number",
        "userDefined": false
      },
      {
        "text": " percents",
        "userDefined": false
      }
    ],
    "isTemplate": false,
    "count": 0,
    "updated": 0
  },
  {
    "id": "91bd6538-c796-491e-b3cf-12a2d883c7eb",
    "data": [
      {
        "text": "dim the ",
        "userDefined": false
      },
      {
        "text": "light",
        "meta": "@sys.ignore",
        "userDefined": false
      },
      {
        "text": " in the ",
        "userDefined": false
      },
      {
        "text": "kitchen",
        "alias": "room",
        "meta": "@room",
        "userDefined": false
      }
    ],
    "isTemplate": false,
    "count": 0,
    "updated": 0
  },
  {
    "id": "b3a0edec-6fc3-4ffd-8dde-2839c74ffa8a",
    "data": [
      {
        "text": "lights",
        "meta": "@sys.ignore",
        "userDefined": false
      },
      {
        "text": " down",
        "userDefined": false
      }
    ],
    "isTemplate": false,
    "count": 0,
    "updated": 0
  },
  {
    "id": "1220c847-c5cc-4e30-b4af-007e8a228d22",
    "data": [
      {
        "text": "can you please make ",
        "userDefined": false
      },
      {
        "text": "lights",
        "meta": "@sys.ignore",
        "userDefined": false
      },
      {
        "text": " in the ",
        "userDefined": false
      },
      {
        "text": "room",
        "alias": "room",
        "meta": "@room",
        "userDefined": false
      },
      {
        "text": " darker till ",
        "userDefined": false
      },
      {
        "text": "40",
        "alias": "final-value",
        "meta": "@sys.number",
        "userDefined": false
      },
      {
        "text": " percents",
        "userDefined": false
      }
    ],
    "isTemplate": false,
    "count": 0,
    "updated": 0
  },
  {
    "id": "2f23c495-bbec-4914-a586-a7b24c3a9556",
    "data": [
      {
        "text": "turn down ",
        "userDefined": false
      },
      {
        "text": "lights",
        "meta": "@sys.ignore",
        "userDefined": false
      },
      {
        "text": " for ",
        "userDefined": false
      },
      {
        "text": "20",
        "alias": "change-value",
        "meta": "@sys.number",
        "userDefined": false
      },
      {
        "text": " points",
        "userDefined": false
      }
    ],
    "isTemplate": false,
    "count": 0,
    "updated": 0
  },
  {
    "id": "3ce6d722-4c16-4362-9be4-5e2721055e24",
    "data": [
      {
        "text": "make ",
        "userDefined": false
      },
      {
        "text": "light",
        "meta": "@sys.ignore",
        "userDefined": false
      },
      {
        "text": " level lower by ",
        "userDefined": false
      },
      {
        "text": "5",
        "alias": "change-value",
        "meta": "@sys.number",
        "userDefined": false
      },
      {
        "text": " points",
        "userDefined": false
      }
    ],
    "isTemplate": false,
    "count": 0,
    "updated": 0
  },
  {
    "id": "07fd0166-0718-4ca5-9885-1d6875f0ef70",
    "data": [
      {
        "text": "turn the ",
        "userDefined": false
      },
      {
        "text": "lights",
        "meta": "@sys.ignore",
        "userDefined": false
      },
      {
        "text": " level down till ",
        "userDefined": false
      },
      {
        "text": "5",
        "alias": "final-value",
        "meta": "@sys.number",
        "userDefined": false
      },
      {
        "text": " points in the ",
        "userDefined": false
      },
      {
        "text": "kitchen",
        "alias": "room",
        "meta": "@room",
        "userDefined": false
      }
    ],
    "isTemplate": false,
    "count": 0,
    "updated": 0
  },
  {
    "id": "34f939a9-7a45-47ee-89ef-53e84193c269",
    "data": [
      {
        "text": "turn ",
        "userDefined": false
      },
      {
        "text": "lights",
        "meta": "@sys.ignore",
        "userDefined": true
      },
      {
        "text": " brightness down by ",
        "userDefined": false
      },
      {
        "text": "50",
        "alias": "change-value",
        "meta": "@sys.number",
        "userDefined": true
      },
      {
        "text": " points",
        "userDefined": false
      }
    ],
    "isTemplate": false,
    "count": 0,
    "updated": 0
  },
  {
    "id": "fd8d88df-2cb9-41f9-ad05-b83808e26e15",
    "data": [
      {
        "text": "turn down ",
        "userDefined": false
      },
      {
        "text": "lights until",
        "meta": "@sys.ignore",
        "userDefined": false
      },
      {
        "text": " ",
        "userDefined": false
      },
      {
        "text": "40",
        "alias": "final-value",
        "meta": "@sys.number",
        "userDefined": false
      },
      {
        "text": " percent",
        "userDefined": false
      }
    ],
    "isTemplate": false,
    "count": 0,
    "updated": 0
  },
  {
    "id": "c90f33b7-5693-4902-86a2-10bd4ed1ffb0",
    "data": [
      {
        "text": "turn ",
        "userDefined": false
      },
      {
        "text": "lights",
        "meta": "@sys.ignore",
        "userDefined": false
      },
      {
        "text": " darker till ",
        "userDefined": false
      },
      {
        "text": "40",
        "alias": "final-value",
        "meta": "@sys.number",
        "userDefined": false
      },
      {
        "text": " percents",
        "userDefined": false
      }
    ],
    "isTemplate": false,
    "count": 0,
    "updated": 0
  },
  {
    "id": "abb5bb55-53ea-4a7e-b391-07cfc384fa52",
    "data": [
      {
        "text": "make ",
        "userDefined": false
      },
      {
        "text": "lights",
        "meta": "@sys.ignore",
        "userDefined": false
      },
      {
        "text": " darker",
        "userDefined": false
      }
    ],
    "isTemplate": false,
    "count": 1,
    "updated": 0
  },
  {
    "id": "9343006b-1f97-4a9e-84e3-dc0e566c78f9",
    "data": [
      {
        "text": "lights",
        "meta": "@sys.ignore",
        "userDefined": true
      },
      {
        "text": " ",
        "userDefined": false
      },
      {
        "text": "level",
        "meta": "@sys.ignore",
        "userDefined": true
      },
      {
        "text": " down till ",
        "userDefined": false
      },
      {
        "text": "23",
        "alias": "final-value",
        "meta": "@sys.number",
        "userDefined": true
      },
      {
        "text": " points",
        "userDefined": false
      }
    ],
    "isTemplate": false,
    "count": 0,
    "updated": 0
  },
  {
    "id": "e81e3486-285b-4e40-be59-f2371598fe9b",
    "data": [
      {
        "text": "turn down ",
        "userDefined": false
      },
      {
        "text": "lights until",
        "meta": "@sys.ignore",
        "userDefined": false
      },
      {
        "text": " ",
        "userDefined": false
      },
      {
        "text": "40",
        "alias": "final-value",
        "meta": "@sys.number",
        "userDefined": false
      },
      {
        "text": " points",
        "userDefined": false
      }
    ],
    "isTemplate": false,
    "count": 0,
    "updated": 0
  },
  {
    "id": "e8bc25ab-c09a-4f44-8668-98ac9c8c5731",
    "data": [
      {
        "text": "turn down ",
        "userDefined": false
      },
      {
        "text": "lights",
        "meta": "@sys.ignore",
        "userDefined": false
      },
      {
        "text": " until ",
        "userDefined": false
      },
      {
        "text": "40",
        "alias": "final-value",
        "meta": "@sys.number",
        "userDefined": false
      },
      {
        "text": " percents",
        "userDefined": false
      }
    ],
    "isTemplate": false,
    "count": 1,
    "updated": 0
  },
  {
    "id": "e5e224d0-2dc1-48e8-9d3c-c34fd8da2296",
    "data": [
      {
        "text": "turn down ",
        "userDefined": false
      },
      {
        "text": "lights",
        "meta": "@sys.ignore",
        "userDefined": false
      },
      {
        "text": " for ",
        "userDefined": false
      },
      {
        "text": "20",
        "alias": "change-value",
        "meta": "@sys.number",
        "userDefined": false
      },
      {
        "text": " percent",
        "userDefined": false
      }
    ],
    "isTemplate": false,
    "count": 0,
    "updated": 0
  },
  {
    "id": "0aa070a7-27ae-436e-b876-31231a512fbf",
    "data": [
      {
        "text": "make ",
        "userDefined": false
      },
      {
        "text": "lights",
        "meta": "@sys.ignore",
        "userDefined": false
      },
      {
        "text": " darker until ",
        "userDefined": false
      },
      {
        "text": "40",
        "alias": "final-value",
        "meta": "@sys.number",
        "userDefined": false
      },
      {
        "text": " percents",
        "userDefined": false
      }
    ],
    "isTemplate": false,
    "count": 0,
    "updated": 0
  },
  {
    "id": "be7f3c92-cdc3-4db8-a688-f2bb0ec8b11a",
    "data": [
      {
        "text": "turn down ",
        "userDefined": false
      },
      {
        "text": "lights",
        "meta": "@sys.ignore",
        "userDefined": false
      },
      {
        "text": " brightness till ",
        "userDefined": false
      },
      {
        "text": "15",
        "alias": "final-value",
        "meta": "@sys.number",
        "userDefined": false
      },
      {
        "text": " points",
        "userDefined": false
      }
    ],
    "isTemplate": false,
    "count": 0,
    "updated": 0
  },
  {
    "id": "9ca50c22-20db-49ed-ae09-67afcd7d0ef8",
    "data": [
      {
        "text": "turn down the ",
        "userDefined": false
      },
      {
        "text": "lights",
        "meta": "@sys.ignore",
        "userDefined": true
      }
    ],
    "isTemplate": false,
    "count": 0,
    "updated": 0
  },
  {
    "id": "66ca2f15-6632-458f-b73e-06cb2fe83e46",
    "data": [
      {
        "text": "make ",
        "userDefined": false
      },
      {
        "text": "lights",
        "meta": "@sys.ignore",
        "userDefined": false
      },
      {
        "text": " darker to ",
        "userDefined": false
      },
      {
        "text": "40",
        "alias": "final-value",
        "meta": "@sys.number",
        "userDefined": false
      },
      {
        "text": " percents",
        "userDefined": false
      }
    ],
    "isTemplate": false,
    "count": 0,
    "updated": 0
  },
  {
    "id": "77290750-6e61-425a-afb6-814aab8867bc",
    "data": [
      {
        "text": "lights",
        "meta": "@sys.ignore",
        "userDefined": true
      },
      {
        "text": " brightness down till ",
        "userDefined": false
      },
      {
        "text": "23",
        "alias": "final-value",
        "meta": "@sys.number",
        "userDefined": true
      }
    ],
    "isTemplate": false,
    "count": 0,
    "updated": 0
  },
  {
    "id": "b06054d0-5e4b-449a-9620-6aa6a5206db6",
    "data": [
      {
        "text": "lower",
        "meta": "@sys.ignore",
        "userDefined": true
      },
      {
        "text": " brightness for ",
        "userDefined": false
      },
      {
        "text": "green",
        "alias": "color",
        "meta": "@color",
        "userDefined": true
      },
      {
        "text": " ",
        "userDefined": false
      },
      {
        "text": "lights",
        "meta": "@sys.ignore",
        "userDefined": true
      }
    ],
    "isTemplate": false,
    "count": 0,
    "updated": 0
  },
  {
    "id": "aebf79c8-6035-4851-84ca-2e4bb19ecdc4",
    "data": [
      {
        "text": "dim the ",
        "userDefined": false
      },
      {
        "text": "lights",
        "meta": "@sys.ignore",
        "userDefined": false
      }
    ],
    "isTemplate": false,
    "count": 0,
    "updated": 0
  },
  {
    "id": "6d685d5b-e53f-4968-a1a6-7c7c6e81f7f2",
    "data": [
      {
        "text": "make ",
        "userDefined": false
      },
      {
        "text": "light",
        "meta": "@sys.ignore",
        "userDefined": false
      },
      {
        "text": " level lower by ",
        "userDefined": false
      },
      {
        "text": "5",
        "alias": "change-value",
        "meta": "@sys.number",
        "userDefined": false
      },
      {
        "text": " points in the ",
        "userDefined": false
      },
      {
        "text": "kitchen",
        "alias": "room",
        "meta": "@room",
        "userDefined": false
      }
    ],
    "isTemplate": false,
    "count": 0,
    "updated": 0
  },
  {
    "id": "8d4773db-f3ec-4071-aea9-f0c7f78e7125",
    "data": [
      {
        "text": "lower ",
        "userDefined": false
      },
      {
        "text": "lights",
        "meta": "@sys.ignore",
        "userDefined": false
      },
      {
        "text": " saturation to ",
        "userDefined": false
      },
      {
        "text": "25",
        "alias": "final-value",
        "meta": "@sys.number",
        "userDefined": false
      },
      {
        "text": " points",
        "userDefined": false
      }
    ],
    "isTemplate": false,
    "count": 0,
    "updated": 0
  },
  {
    "id": "624d67af-8ece-4e41-a9af-c48a6858dcba",
    "data": [
      {
        "text": "lights",
        "meta": "@sys.ignore",
        "userDefined": false
      },
      {
        "text": " brightness down for ",
        "userDefined": false
      },
      {
        "text": "15",
        "alias": "change-value",
        "meta": "@sys.number",
        "userDefined": false
      },
      {
        "text": " percents in the ",
        "userDefined": false
      },
      {
        "text": "bedroom",
        "alias": "room",
        "meta": "@room",
        "userDefined": false
      }
    ],
    "isTemplate": false,
    "count": 0,
    "updated": 0
  },
  {
    "id": "e8b54bbe-1a1b-45a5-b736-64c7aefefc64",
    "data": [
      {
        "text": "dim ",
        "userDefined": false
      },
      {
        "text": "all",
        "alias": "all",
        "meta": "@all",
        "userDefined": true
      },
      {
        "text": " the ",
        "userDefined": false
      },
      {
        "text": "lights",
        "meta": "@sys.ignore",
        "userDefined": true
      }
    ],
    "isTemplate": false,
    "count": 1,
    "updated": 0
  },
  {
    "id": "5602cf32-66d9-461f-8b1e-6ecb00834504",
    "data": [
      {
        "text": "turn down ",
        "userDefined": false
      },
      {
        "text": "lights",
        "meta": "@sys.ignore",
        "userDefined": false
      },
      {
        "text": " until ",
        "userDefined": false
      },
      {
        "text": "40",
        "alias": "final-value",
        "meta": "@sys.number",
        "userDefined": false
      }
    ],
    "isTemplate": false,
    "count": 0,
    "updated": 0
  },
  {
    "id": "d3154be4-a736-4b41-8d7a-9c37811b96dd",
    "data": [
      {
        "text": "darken ",
        "userDefined": false
      },
      {
        "text": "lights",
        "meta": "@sys.ignore",
        "userDefined": false
      },
      {
        "text": " till ",
        "userDefined": false
      },
      {
        "text": "40",
        "alias": "final-value",
        "meta": "@sys.number",
        "userDefined": false
      },
      {
        "text": " percents please",
        "userDefined": false
      }
    ],
    "isTemplate": false,
    "count": 0,
    "updated": 0
  },
  {
    "id": "8b52a503-3eb0-48d2-a66b-8fe1a176b10c",
    "data": [
      {
        "text": "lights",
        "meta": "@sys.ignore",
        "userDefined": true
      },
      {
        "text": " down till ",
        "userDefined": false
      },
      {
        "text": "23",
        "alias": "final-value",
        "meta": "@sys.number",
        "userDefined": true
      }
    ],
    "isTemplate": false,
    "count": 0,
    "updated": 0
  },
  {
    "id": "c0a4ad3e-eec0-4ca9-bb0a-3a1a959d1445",
    "data": [
      {
        "text": "turn ",
        "userDefined": false
      },
      {
        "text": "lights",
        "meta": "@sys.ignore",
        "userDefined": false
      },
      {
        "text": " darker to ",
        "userDefined": false
      },
      {
        "text": "40",
        "alias": "final-value",
        "meta": "@sys.number",
        "userDefined": false
      },
      {
        "text": " percents",
        "userDefined": false
      }
    ],
    "isTemplate": false,
    "count": 0,
    "updated": 0
  },
  {
    "id": "e3de3832-34d8-4d7a-8bdc-e7072ab54091",
    "data": [
      {
        "text": "a little less ",
        "userDefined": false
      },
      {
        "text": "lights",
        "meta": "@sys.ignore",
        "userDefined": false
      }
    ],
    "isTemplate": false,
    "count": 0,
    "updated": 0
  },
  {
    "id": "50753423-e138-46e3-b28c-641898947611",
    "data": [
      {
        "text": "make ",
        "userDefined": false
      },
      {
        "text": "lights",
        "meta": "@sys.ignore",
        "userDefined": false
      },
      {
        "text": " darker till ",
        "userDefined": false
      },
      {
        "text": "40",
        "alias": "final-value",
        "meta": "@sys.number",
        "userDefined": false
      },
      {
        "text": " percents",
        "userDefined": false
      }
    ],
    "isTemplate": false,
    "count": 0,
    "updated": 0
  },
  {
    "id": "f77eb535-6416-4422-8090-49c65e99b356",
    "data": [
      {
        "text": "lights",
        "meta": "@sys.ignore",
        "userDefined": false
      },
      {
        "text": " brightness down till ",
        "userDefined": false
      },
      {
        "text": "10",
        "alias": "final-value",
        "meta": "@sys.number",
        "userDefined": false
      },
      {
        "text": " points",
        "userDefined": false
      }
    ],
    "isTemplate": false,
    "count": 0,
    "updated": 0
  },
  {
    "id": "ddb37206-6d2e-4c87-9403-17726296767d",
    "data": [
      {
        "text": "turn ",
        "userDefined": false
      },
      {
        "text": "lights",
        "meta": "@sys.ignore",
        "userDefined": true
      },
      {
        "text": " down by ",
        "userDefined": false
      },
      {
        "text": "50",
        "alias": "change-value",
        "meta": "@sys.number",
        "userDefined": true
      },
      {
        "text": " points",
        "userDefined": false
      }
    ],
    "isTemplate": false,
    "count": 0,
    "updated": 0
  },
  {
    "id": "bb5cefdd-11a8-4460-bd1f-a8abe13682e5",
    "data": [
      {
        "text": "turn ",
        "userDefined": false
      },
      {
        "text": "lights",
        "meta": "@sys.ignore",
        "userDefined": false
      },
      {
        "text": " darker until ",
        "userDefined": false
      },
      {
        "text": "40",
        "alias": "final-value",
        "meta": "@sys.number",
        "userDefined": false
      },
      {
        "text": " percents",
        "userDefined": false
      }
    ],
    "isTemplate": false,
    "count": 0,
    "updated": 0
  },
  {
    "id": "fb90af87-b8f6-4886-b27f-a3f20d725011",
    "data": [
      {
        "text": "turn down ",
        "userDefined": false
      },
      {
        "text": "lights",
        "meta": "@sys.ignore",
        "userDefined": false
      },
      {
        "text": " for ",
        "userDefined": false
      },
      {
        "text": "20",
        "alias": "change-value",
        "meta": "@sys.number",
        "userDefined": false
      },
      {
        "text": " percents",
        "userDefined": false
      }
    ],
    "isTemplate": false,
    "count": 0,
    "updated": 0
  },
  {
    "id": "f6b3123b-0b12-4b42-9eff-680f0179c53b",
    "data": [
      {
        "text": "make ",
        "userDefined": false
      },
      {
        "text": "lights",
        "meta": "@sys.ignore",
        "userDefined": false
      },
      {
        "text": " darker for ",
        "userDefined": false
      },
      {
        "text": "20",
        "alias": "change-value",
        "meta": "@sys.number",
        "userDefined": false
      },
      {
        "text": " points",
        "userDefined": false
      }
    ],
    "isTemplate": false,
    "count": 0,
    "updated": 0
  },
  {
    "id": "3fd3c918-2f9a-4b66-a8f1-08e4c884e572",
    "data": [
      {
        "text": "less ",
        "userDefined": false
      },
      {
        "text": "lights",
        "meta": "@sys.ignore",
        "userDefined": false
      }
    ],
    "isTemplate": false,
    "count": 0,
    "updated": 0
  },
  {
    "id": "eaddfa3e-cf1b-456c-b48e-2d7269f2a1ce",
    "data": [
      {
        "text": "brightness down by ",
        "userDefined": false
      },
      {
        "text": "10",
        "alias": "change-value",
        "meta": "@sys.number",
        "userDefined": true
      },
      {
        "text": " points",
        "userDefined": false
      }
    ],
    "isTemplate": false,
    "count": 0,
    "updated": 0
  },
  {
    "id": "c723bee4-0d5e-4961-a650-fece6ac92243",
    "data": [
      {
        "text": "dim ",
        "userDefined": false
      },
      {
        "text": "light",
        "meta": "@sys.ignore",
        "userDefined": false
      }
    ],
    "isTemplate": false,
    "count": 0,
    "updated": 0
  },
  {
    "id": "9fbb7032-e2b1-4540-a2c8-92031817a52a",
    "data": [
      {
        "text": "turn the ",
        "userDefined": false
      },
      {
        "text": "lights",
        "meta": "@sys.ignore",
        "userDefined": false
      },
      {
        "text": " down",
        "userDefined": false
      }
    ],
    "isTemplate": false,
    "count": 0,
    "updated": 0
  },
  {
    "id": "1d6807b5-1dc8-45aa-a28b-c6a597a777a9",
    "data": [
      {
        "text": "kitchen",
        "alias": "room",
        "meta": "@room",
        "userDefined": true
      },
      {
        "text": " ",
        "userDefined": false
      },
      {
        "text": "lights",
        "meta": "@sys.ignore",
        "userDefined": true
      },
      {
        "text": " down",
        "userDefined": false
      }
    ],
    "isTemplate": false,
    "count": 0,
    "updated": 0
  },
  {
    "id": "cbed0ef8-f069-4e5e-bebe-0a6622f99cfb",
    "data": [
      {
        "text": "down ",
        "userDefined": false
      },
      {
        "text": "all",
        "alias": "all",
        "meta": "@all",
        "userDefined": true
      },
      {
        "text": " the ",
        "userDefined": false
      },
      {
        "text": "lights",
        "meta": "@sys.ignore",
        "userDefined": true
      }
    ],
    "isTemplate": false,
    "count": 0,
    "updated": 0
  },
  {
    "id": "ca80d186-6015-4f22-9985-430796413e81",
    "data": [
      {
        "text": "lights",
        "meta": "@sys.ignore",
        "userDefined": true
      },
      {
        "text": " level down till ",
        "userDefined": false
      },
      {
        "text": "23",
        "alias": "final-value",
        "meta": "@sys.number",
        "userDefined": true
      }
    ],
    "isTemplate": false,
    "count": 0,
    "updated": 0
  },
  {
    "id": "722dd6d6-a0f2-4ced-86f4-7b7b8db5284e",
    "data": [
      {
        "text": "turn ",
        "userDefined": false
      },
      {
        "text": "lights",
        "meta": "@sys.ignore",
        "userDefined": false
      },
      {
        "text": " darker",
        "userDefined": false
      }
    ],
    "isTemplate": false,
    "count": 0,
    "updated": 0
  },
  {
    "id": "43fc57ce-879d-4b00-bcb0-bc57e1a28f49",
    "data": [
      {
        "text": "turn ",
        "userDefined": false
      },
      {
        "text": "lights",
        "meta": "@sys.ignore",
        "userDefined": false
      },
      {
        "text": " down for ",
        "userDefined": false
      },
      {
        "text": "20",
        "alias": "change-value",
        "meta": "@sys.number",
        "userDefined": false
      },
      {
        "text": " percents",
        "userDefined": false
      }
    ],
    "isTemplate": false,
    "count": 0,
    "updated": 0
  },
  {
    "id": "b4556c4c-bc66-4975-9898-c1e692e186d8",
    "data": [
      {
        "text": "darken ",
        "userDefined": false
      },
      {
        "text": "lights",
        "meta": "@sys.ignore",
        "userDefined": false
      },
      {
        "text": " to ",
        "userDefined": false
      },
      {
        "text": "40",
        "alias": "final-value",
        "meta": "@sys.number",
        "userDefined": false
      },
      {
        "text": " percents",
        "userDefined": false
      }
    ],
    "isTemplate": false,
    "count": 0,
    "updated": 0
  },
  {
    "id": "82407c6e-52ef-493e-8a97-100ed060572b",
    "data": [
      {
        "text": "lights",
        "meta": "@sys.ignore",
        "userDefined": false
      },
      {
        "text": " brightness down by ",
        "userDefined": false
      },
      {
        "text": "10",
        "alias": "change-value",
        "meta": "@sys.number",
        "userDefined": false
      },
      {
        "text": " points",
        "userDefined": false
      }
    ],
    "isTemplate": false,
    "count": 0,
    "updated": 0
  },
  {
    "id": "7ff71b19-ca35-4677-9aa2-c97c13b2721c",
    "data": [
      {
        "text": "turn ",
        "userDefined": false
      },
      {
        "text": "all",
        "alias": "all",
        "meta": "@all",
        "userDefined": false
      },
      {
        "text": " ",
        "userDefined": false
      },
      {
        "text": "lights",
        "meta": "@sys.ignore",
        "userDefined": false
      },
      {
        "text": " down",
        "userDefined": false
      }
    ],
    "isTemplate": false,
    "count": 0,
    "updated": 0
  },
  {
    "id": "44f80c85-ee2d-453d-958e-d2cd8a0283d3",
    "data": [
      {
        "text": "dim the ",
        "userDefined": false
      },
      {
        "text": "living room",
        "alias": "room",
        "meta": "@room",
        "userDefined": false
      },
      {
        "text": " ",
        "userDefined": false
      },
      {
        "text": "lights",
        "meta": "@sys.ignore",
        "userDefined": false
      },
      {
        "text": " to ",
        "userDefined": false
      },
      {
        "text": "20",
        "alias": "final-value",
        "meta": "@sys.number",
        "userDefined": false
      }
    ],
    "isTemplate": false,
    "count": 0,
    "updated": 0
  },
  {
    "id": "d2ce98d9-3b7b-4ffb-81a2-39eee65510a3",
    "data": [
      {
        "text": "turn down ",
        "userDefined": false
      },
      {
        "text": "all",
        "alias": "all",
        "meta": "@all",
        "userDefined": false
      },
      {
        "text": " ",
        "userDefined": false
      },
      {
        "text": "lights",
        "meta": "@sys.ignore",
        "userDefined": false
      }
    ],
    "isTemplate": false,
    "count": 0,
    "updated": 0
  },
  {
    "id": "7c9d8902-5e61-44cc-bc1d-c886da6d7e13",
    "data": [
      {
        "text": "little bit less ",
        "userDefined": false
      },
      {
        "text": "light",
        "meta": "@sys.ignore",
        "userDefined": false
      },
      {
        "text": " please",
        "userDefined": false
      }
    ],
    "isTemplate": false,
    "count": 1,
    "updated": 0
  },
  {
    "id": "42e6b3da-5291-4163-9e14-cc0807ef2e33",
    "data": [
      {
        "text": "lights",
        "meta": "@sys.ignore",
        "userDefined": false
      },
      {
        "text": " brightness up to ",
        "userDefined": false
      },
      {
        "text": "15",
        "alias": "final-value",
        "meta": "@sys.number",
        "userDefined": false
      },
      {
        "text": " percents in the ",
        "userDefined": false
      },
      {
        "text": "bedroom",
        "alias": "room",
        "meta": "@room",
        "userDefined": false
      }
    ],
    "isTemplate": false,
    "count": 0,
    "updated": 0
  },
  {
    "id": "5ab976df-6729-484c-b065-cd43de37004c",
    "data": [
      {
        "text": "turn down ",
        "userDefined": false
      },
      {
        "text": "lights",
        "meta": "@sys.ignore",
        "userDefined": false
      },
      {
        "text": " brightness by ",
        "userDefined": false
      },
      {
        "text": "15",
        "alias": "change-value",
        "meta": "@sys.number",
        "userDefined": false
      },
      {
        "text": " points",
        "userDefined": false
      }
    ],
    "isTemplate": false,
    "count": 0,
    "updated": 0
  },
  {
    "id": "d642c4b2-cd67-4c65-a1d1-1ef5645599fd",
    "data": [
      {
        "text": "lower",
        "meta": "@sys.ignore",
        "userDefined": true
      },
      {
        "text": " the brightness of the ",
        "userDefined": false
      },
      {
        "text": "lights",
        "meta": "@sys.ignore",
        "userDefined": true
      }
    ],
    "isTemplate": false,
    "count": 0,
    "updated": 0
  },
  {
    "id": "d193040d-642f-4fe6-b453-4e0a220b7734",
    "data": [
      {
        "text": "turn down ",
        "userDefined": false
      },
      {
        "text": "lights",
        "meta": "@sys.ignore",
        "userDefined": false
      },
      {
        "text": " for ",
        "userDefined": false
      },
      {
        "text": "20",
        "alias": "change-value",
        "meta": "@sys.number",
        "userDefined": false
      }
    ],
    "isTemplate": false,
    "count": 0,
    "updated": 0
  },
  {
    "id": "fcb59f1d-4f94-40f9-abff-d9f9497d7500",
    "data": [
      {
        "text": "make ",
        "userDefined": false
      },
      {
        "text": "lights",
        "meta": "@sys.ignore",
        "userDefined": false
      },
      {
        "text": " in the ",
        "userDefined": false
      },
      {
        "text": "kitchen",
        "alias": "room",
        "meta": "@room",
        "userDefined": false
      },
      {
        "text": " ",
        "userDefined": false
      },
      {
        "text": "10",
        "alias": "change-value",
        "meta": "@sys.number",
        "userDefined": false
      },
      {
        "text": " less",
        "userDefined": false
      }
    ],
    "isTemplate": false,
    "count": 0,
    "updated": 0
  },
  {
    "id": "c14fd218-563f-4724-b387-42dde0fbcb60",
    "data": [
      {
        "text": "turn the ",
        "userDefined": false
      },
      {
        "text": "lights",
        "meta": "@sys.ignore",
        "userDefined": true
      },
      {
        "text": " level down till ",
        "userDefined": false
      },
      {
        "text": "5",
        "alias": "final-value",
        "meta": "@sys.number",
        "userDefined": false
      },
      {
        "text": " points",
        "userDefined": false
      }
    ],
    "isTemplate": false,
    "count": 0,
    "updated": 0
  },
  {
    "id": "db3a3c9a-c4bc-4cf4-aaa7-a5b06739ce93",
    "data": [
      {
        "text": "brightness down  till ",
        "userDefined": false
      },
      {
        "text": "10",
        "alias": "final-value",
        "meta": "@sys.number",
        "userDefined": true
      },
      {
        "text": " points",
        "userDefined": false
      }
    ],
    "isTemplate": false,
    "count": 0,
    "updated": 0
  }
]