[
  {
    "id": "5b98f879-a21f-4858-8b5e-2620ff67cce6",
    "data": [
      {
        "text": "set hue",
        "userDefined": false
      }
    ],
    "isTemplate": false,
    "count": 0,
    "updated": 0
  },
  {
    "id": "efd63097-7371-4d90-b1b3-a7f937af989b",
    "data": [
      {
        "text": "set hue to ",
        "userDefined": false
      },
      {
        "text": "50",
        "alias": "final-value",
        "meta": "@sys.number",
        "userDefined": true
      },
      {
        "text": " points",
        "userDefined": false
      }
    ],
    "isTemplate": false,
    "count": 0,
    "updated": 0
  },
  {
    "id": "25505747-7771-4bc4-97d2-8703f2780d40",
    "data": [
      {
        "text": "set ",
        "userDefined": false
      },
      {
        "text": "lights",
        "alias": "device",
        "meta": "@lights",
        "userDefined": true
      },
      {
        "text": " hue",
        "userDefined": false
      }
    ],
    "isTemplate": false,
    "count": 0,
    "updated": 0
  },
  {
    "id": "67ae2a6a-23e6-4155-8e69-d1f8d6e21665",
    "data": [
      {
        "text": "set hue for ",
        "userDefined": false
      },
      {
        "text": "lights",
        "alias": "device",
        "meta": "@lights",
        "userDefined": true
      }
    ],
    "isTemplate": false,
    "count": 0,
    "updated": 0
  },
  {
    "id": "2653cf15-97c8-4c56-9ebd-ab594a48f1f2",
    "data": [
      {
        "text": "set ",
        "userDefined": false
      },
      {
        "text": "red",
        "alias": "color",
        "meta": "@color",
        "userDefined": true
      },
      {
        "text": " hue",
        "userDefined": false
      }
    ],
    "isTemplate": false,
    "count": 0,
    "updated": 0
  },
  {
    "id": "498621f0-eda4-4a00-9d2b-b378e2b70788",
    "data": [
      {
        "text": "red",
        "alias": "color",
        "meta": "@color",
        "userDefined": true
      },
      {
        "text": " hue",
        "userDefined": false
      }
    ],
    "isTemplate": false,
    "count": 0,
    "updated": 0
  },
  {
    "id": "f36b122c-fe80-41ae-ab5c-66031f9c303d",
    "data": [
      {
        "text": "set hue in the ",
        "userDefined": false
      },
      {
        "text": "kitchen",
        "alias": "room",
        "meta": "@room",
        "userDefined": true
      }
    ],
    "isTemplate": false,
    "count": 0,
    "updated": 0
  },
  {
    "id": "7a81f72c-7ead-44ec-83c4-2ff64a0c2674",
    "data": [
      {
        "text": "set ",
        "userDefined": false
      },
      {
        "text": "kitchen",
        "alias": "room",
        "meta": "@room",
        "userDefined": true
      },
      {
        "text": " hue",
        "userDefined": false
      }
    ],
    "isTemplate": false,
    "count": 0,
    "updated": 0
  },
  {
    "id": "11731fe5-963d-4d41-b3e9-9d7835d946c1",
    "data": [
      {
        "text": "kitchen",
        "alias": "room",
        "meta": "@room",
        "userDefined": true
      },
      {
        "text": " hue",
        "userDefined": false
      }
    ],
    "isTemplate": false,
    "count": 1,
    "updated": 0
  },
  {
    "id": "fb36f154-5557-4daf-a6be-6109c9e2be9a",
    "data": [
      {
        "text": "set hue ",
        "userDefined": false
      },
      {
        "text": "everywhere",
        "alias": "all",
        "meta": "@all",
        "userDefined": true
      }
    ],
    "isTemplate": false,
    "count": 0,
    "updated": 0
  },
  {
    "id": "b6e19bf3-3e3b-4604-b303-bc2210cb674b",
    "data": [
      {
        "text": "set hue in ",
        "userDefined": false
      },
      {
        "text": "all",
        "alias": "all",
        "meta": "@all",
        "userDefined": true
      },
      {
        "text": " rooms",
        "userDefined": false
      }
    ],
    "isTemplate": false,
    "count": 0,
    "updated": 0
  },
  {
    "id": "fae7ab07-f310-4b81-8ebc-546167601ce4",
    "data": [
      {
        "text": "hue till ",
        "userDefined": false
      },
      {
        "text": "23",
        "alias": "final-value",
        "meta": "@sys.number",
        "userDefined": true
      }
    ],
    "isTemplate": false,
    "count": 0,
    "updated": 0
  },
  {
    "id": "edd89a1e-81cc-4e12-a871-230ef056dbc8",
    "data": [
      {
        "text": "hue",
        "userDefined": false
      }
    ],
    "isTemplate": false,
    "count": 0,
    "updated": 0
  },
  {
    "id": "e4da0fa1-a83d-470a-a9f4-e610457697cc",
    "data": [
      {
        "text": "turn ",
        "userDefined": false
      },
      {
        "text": "on",
        "meta": "@sys.ignore",
        "userDefined": true
      },
      {
        "text": " hue till ",
        "userDefined": false
      },
      {
        "text": "10",
        "alias": "final-value",
        "meta": "@sys.number",
        "userDefined": false
      },
      {
        "text": " points",
        "userDefined": false
      }
    ],
    "isTemplate": false,
    "count": 0,
    "updated": 0
  },
  {
    "id": "71c355e2-680d-440c-9a24-e3f6db144318",
    "data": [
      {
        "text": "set ",
        "userDefined": false
      },
      {
        "text": "lights",
        "alias": "device",
        "meta": "@lights",
        "userDefined": false
      },
      {
        "text": " hue ",
        "userDefined": false
      },
      {
        "text": "everywhere",
        "alias": "all",
        "meta": "@all",
        "userDefined": false
      }
    ],
    "isTemplate": false,
    "count": 0,
    "updated": 0
  },
  {
    "id": "98d4f12b-db66-4ae8-aa32-c9e21c7b28a0",
    "data": [
      {
        "text": "set hue to ",
        "userDefined": false
      },
      {
        "text": "green",
        "alias": "color",
        "meta": "@color",
        "userDefined": false
      }
    ],
    "isTemplate": false,
    "count": 0,
    "updated": 0
  }
]