[
  {
    "id": "29f365f5-991b-455e-9ba7-4ddddcc18153",
    "data": [
      {
        "text": "I want to unmute the ",
        "userDefined": false
      },
      {
        "text": "TV",
        "alias": "device",
        "meta": "@device-volume",
        "userDefined": true
      },
      {
        "text": " in the ",
        "userDefined": false
      },
      {
        "text": "living room",
        "alias": "room",
        "meta": "@room",
        "userDefined": true
      },
      {
        "text": " could you do that for me",
        "userDefined": false
      }
    ],
    "isTemplate": false,
    "count": 0,
    "updated": 0
  },
  {
    "id": "a9c5d864-c433-45bd-843b-ef50fd84ae49",
    "data": [
      {
        "text": "unmute the ",
        "userDefined": false
      },
      {
        "text": "garage",
        "alias": "room",
        "meta": "@room",
        "userDefined": true
      },
      {
        "text": " ",
        "userDefined": false
      },
      {
        "text": "speakers",
        "alias": "device",
        "meta": "@device-volume",
        "userDefined": true
      },
      {
        "text": " please",
        "userDefined": false
      }
    ],
    "isTemplate": false,
    "count": 0,
    "updated": 0
  },
  {
    "id": "1e054fec-0e23-4173-8954-e8374ef58ec0",
    "data": [
      {
        "text": "turn off the ",
        "userDefined": false
      },
      {
        "text": "TV",
        "alias": "device",
        "meta": "@device-volume",
        "userDefined": true
      },
      {
        "text": " mute mode",
        "userDefined": false
      }
    ],
    "isTemplate": false,
    "count": 0,
    "updated": 0
  },
  {
    "id": "7c476289-0f6a-4c17-80cd-2e03dff5fe9e",
    "data": [
      {
        "text": "turn off",
        "meta": "@sys.ignore",
        "userDefined": false
      },
      {
        "text": " the mute mode",
        "userDefined": false
      }
    ],
    "isTemplate": false,
    "count": 0,
    "updated": 0
  },
  {
    "id": "88e73d55-4fe2-4432-9d88-464251d427e7",
    "data": [
      {
        "text": "I would like to unmute the ",
        "userDefined": false
      },
      {
        "text": "radio",
        "alias": "device",
        "meta": "@device-volume",
        "userDefined": true
      },
      {
        "text": " in the ",
        "userDefined": false
      },
      {
        "text": "bathroom",
        "alias": "room",
        "meta": "@room",
        "userDefined": true
      }
    ],
    "isTemplate": false,
    "count": 0,
    "updated": 0
  },
  {
    "id": "6520841c-6f41-4fd3-9e7d-636e0be4965b",
    "data": [
      {
        "text": "how do I unmute the ",
        "userDefined": false
      },
      {
        "text": "kitchen",
        "alias": "room",
        "meta": "@room",
        "userDefined": true
      },
      {
        "text": " ",
        "userDefined": false
      },
      {
        "text": "radio",
        "alias": "device",
        "meta": "@device-volume",
        "userDefined": true
      }
    ],
    "isTemplate": false,
    "count": 0,
    "updated": 0
  },
  {
    "id": "0a470426-fe01-4c55-9c89-bc04e1111d04",
    "data": [
      {
        "text": "could you unmute the ",
        "userDefined": false
      },
      {
        "text": "TV",
        "alias": "device",
        "meta": "@device-volume",
        "userDefined": true
      },
      {
        "text": " for me",
        "userDefined": false
      }
    ],
    "isTemplate": false,
    "count": 0,
    "updated": 0
  },
  {
    "id": "da30cc1b-4e25-46f0-8e8f-27c08e49a49a",
    "data": [
      {
        "text": "unmute",
        "userDefined": false
      }
    ],
    "isTemplate": false,
    "count": 0,
    "updated": 0
  },
  {
    "id": "c7937b78-8336-4092-a044-c9db5fc37cc7",
    "data": [
      {
        "text": "unmute the sound",
        "userDefined": false
      }
    ],
    "isTemplate": false,
    "count": 0,
    "updated": 0
  },
  {
    "id": "194725c1-deb8-4448-aa03-c6d03256ef58",
    "data": [
      {
        "text": "turn mute mode off",
        "userDefined": false
      }
    ],
    "isTemplate": false,
    "count": 0,
    "updated": 0
  },
  {
    "id": "b7c26c9b-94ab-4a1b-b345-9aa2b5712b2f",
    "data": [
      {
        "text": "turn off mute",
        "userDefined": false
      }
    ],
    "isTemplate": false,
    "count": 0,
    "updated": 0
  },
  {
    "id": "6dc8235c-b9c7-4086-bf89-bbdfd102ebe5",
    "data": [
      {
        "text": "unmute the ",
        "userDefined": false
      },
      {
        "text": "TV",
        "alias": "device",
        "meta": "@device-volume",
        "userDefined": false
      }
    ],
    "isTemplate": false,
    "count": 0,
    "updated": 0
  },
  {
    "id": "678829fe-2206-4c87-88a1-4acdf8c927a6",
    "data": [
      {
        "text": "unmute ",
        "userDefined": false
      },
      {
        "text": "speakers",
        "alias": "device",
        "meta": "@device-volume",
        "userDefined": true
      },
      {
        "text": " in the ",
        "userDefined": false
      },
      {
        "text": "kitchen",
        "alias": "room",
        "meta": "@room",
        "userDefined": true
      }
    ],
    "isTemplate": false,
    "count": 0,
    "updated": 0
  },
  {
    "id": "2b38e358-e370-4e3b-8790-fbed0046766e",
    "data": [
      {
        "text": "kitchen",
        "alias": "room",
        "meta": "@room",
        "userDefined": true
      },
      {
        "text": " ",
        "userDefined": false
      },
      {
        "text": "speakers",
        "alias": "device",
        "meta": "@device-volume",
        "userDefined": true
      },
      {
        "text": " unmute",
        "userDefined": false
      }
    ],
    "isTemplate": false,
    "count": 0,
    "updated": 0
  },
  {
    "id": "1d085ee0-b8f5-4816-b674-940bc141df70",
    "data": [
      {
        "text": "turn ",
        "userDefined": false
      },
      {
        "text": "off",
        "meta": "@sys.ignore",
        "userDefined": true
      },
      {
        "text": " mute mode for ",
        "userDefined": false
      },
      {
        "text": "kitchen",
        "alias": "room",
        "meta": "@room",
        "userDefined": true
      },
      {
        "text": " ",
        "userDefined": false
      },
      {
        "text": "TV",
        "alias": "device",
        "meta": "@device-volume",
        "userDefined": true
      }
    ],
    "isTemplate": false,
    "count": 0,
    "updated": 0
  },
  {
    "id": "b1910429-d747-4059-836d-ad1138e34b86",
    "data": [
      {
        "text": "turn ",
        "userDefined": false
      },
      {
        "text": "off",
        "meta": "@sys.ignore",
        "userDefined": true
      },
      {
        "text": " mute for ",
        "userDefined": false
      },
      {
        "text": "TV",
        "alias": "device",
        "meta": "@device-volume",
        "userDefined": true
      }
    ],
    "isTemplate": false,
    "count": 0,
    "updated": 0
  },
  {
    "id": "2162e478-5d90-43ba-966b-37b70b40478f",
    "data": [
      {
        "text": "turn ",
        "userDefined": false
      },
      {
        "text": "off",
        "meta": "@sys.ignore",
        "userDefined": true
      },
      {
        "text": " ",
        "userDefined": false
      },
      {
        "text": "radio",
        "alias": "device",
        "meta": "@device-volume",
        "userDefined": true
      },
      {
        "text": " mute",
        "userDefined": false
      }
    ],
    "isTemplate": false,
    "count": 0,
    "updated": 0
  },
  {
    "id": "d836912a-3eec-4421-9cc0-791065232cfb",
    "data": [
      {
        "text": "unmute ",
        "userDefined": false
      },
      {
        "text": "speakers",
        "alias": "device",
        "meta": "@device-volume",
        "userDefined": true
      }
    ],
    "isTemplate": false,
    "count": 0,
    "updated": 0
  },
  {
    "id": "68c4b107-b755-4712-ae6d-6553f853ad5e",
    "data": [
      {
        "text": "turn mute ",
        "userDefined": false
      },
      {
        "text": "off",
        "meta": "@sys.ignore",
        "userDefined": true
      },
      {
        "text": " for ",
        "userDefined": false
      },
      {
        "text": "speakers",
        "alias": "device",
        "meta": "@device-volume",
        "userDefined": true
      },
      {
        "text": " in the ",
        "userDefined": false
      },
      {
        "text": "kitchen",
        "alias": "room",
        "meta": "@room",
        "userDefined": true
      }
    ],
    "isTemplate": false,
    "count": 0,
    "updated": 0
  }
]