[
  {
    "id": "a3b605c3-90e1-489b-823e-92663819a317",
    "data": [
      {
        "text": "heating",
        "alias": "device",
        "meta": "@heating",
        "userDefined": true
      },
      {
        "text": " down ",
        "userDefined": false
      },
      {
        "text": "everywhere",
        "alias": "all",
        "meta": "@all",
        "userDefined": true
      }
    ],
    "isTemplate": false,
    "count": 1,
    "updated": 0
  },
  {
    "id": "e8c18345-61c9-4469-bef5-79f5912be448",
    "data": [
      {
        "text": "turn down the ",
        "userDefined": false
      },
      {
        "text": "heating",
        "alias": "device",
        "meta": "@heating",
        "userDefined": false
      }
    ],
    "isTemplate": false,
    "count": 0,
    "updated": 0
  },
  {
    "id": "17a5ad99-d2c1-4e49-9426-daf2dc40ea3f",
    "data": [
      {
        "text": "lower",
        "meta": "@sys.ignore",
        "userDefined": true
      },
      {
        "text": " the ",
        "userDefined": false
      },
      {
        "text": "temperature",
        "meta": "@sys.ignore",
        "userDefined": true
      },
      {
        "text": " of ",
        "userDefined": false
      },
      {
        "text": "air conditioner",
        "alias": "device",
        "meta": "@heating",
        "userDefined": true
      }
    ],
    "isTemplate": false,
    "count": 0,
    "updated": 0
  },
  {
    "id": "1a608dd4-fe69-4550-b8e8-4b5ad5dfea97",
    "data": [
      {
        "text": "decrease the temp to ",
        "userDefined": false
      },
      {
        "text": "68",
        "alias": "final-value",
        "meta": "@sys.number",
        "userDefined": true
      }
    ],
    "isTemplate": false,
    "count": 1,
    "updated": 0
  },
  {
    "id": "4582dd78-87b0-4cb7-a102-b06b9cb26e28",
    "data": [
      {
        "text": "switch the temp down to ",
        "userDefined": false
      },
      {
        "text": "75",
        "alias": "final-value",
        "meta": "@sys.number",
        "userDefined": true
      },
      {
        "text": " F",
        "userDefined": false
      }
    ],
    "isTemplate": false,
    "count": 0,
    "updated": 0
  },
  {
    "id": "4eb60beb-7516-47f9-a8d9-8e243523f457",
    "data": [
      {
        "text": "turn",
        "meta": "@sys.ignore",
        "userDefined": true
      },
      {
        "text": " ",
        "userDefined": false
      },
      {
        "text": "down",
        "meta": "@sys.ignore",
        "userDefined": true
      },
      {
        "text": " the ",
        "userDefined": false
      },
      {
        "text": "heating temperature",
        "alias": "device",
        "meta": "@heating",
        "userDefined": true
      },
      {
        "text": " by ",
        "userDefined": false
      },
      {
        "text": "7",
        "alias": "change-value",
        "meta": "@sys.number",
        "userDefined": true
      },
      {
        "text": " degrees",
        "userDefined": false
      }
    ],
    "isTemplate": false,
    "count": 1,
    "updated": 0
  },
  {
    "id": "7dde76c4-fdfd-476e-ac99-a1383bf8cd0c",
    "data": [
      {
        "text": "make ",
        "userDefined": false
      },
      {
        "text": "bedroom",
        "alias": "room",
        "meta": "@room",
        "userDefined": true
      },
      {
        "text": " ",
        "userDefined": false
      },
      {
        "text": "heating",
        "alias": "device",
        "meta": "@heating",
        "userDefined": true
      },
      {
        "text": " down",
        "userDefined": false
      }
    ],
    "isTemplate": false,
    "count": 0,
    "updated": 0
  },
  {
    "id": "6f4ffbb4-2501-4c45-a362-f97310c8a018",
    "data": [
      {
        "text": "kitchen",
        "alias": "room",
        "meta": "@room",
        "userDefined": true
      },
      {
        "text": " ",
        "userDefined": false
      },
      {
        "text": "heating",
        "alias": "device",
        "meta": "@heating",
        "userDefined": true
      },
      {
        "text": " down",
        "userDefined": false
      }
    ],
    "isTemplate": false,
    "count": 0,
    "updated": 0
  },
  {
    "id": "350e0199-370c-4fba-96b3-f66309f57562",
    "data": [
      {
        "text": "lower",
        "meta": "@sys.ignore",
        "userDefined": true
      },
      {
        "text": " the ",
        "userDefined": false
      },
      {
        "text": "temperature",
        "meta": "@sys.ignore",
        "userDefined": true
      },
      {
        "text": " to ",
        "userDefined": false
      },
      {
        "text": "20",
        "alias": "final-value",
        "meta": "@sys.number",
        "userDefined": true
      },
      {
        "text": " degrees",
        "userDefined": false
      }
    ],
    "isTemplate": false,
    "count": 0,
    "updated": 0
  },
  {
    "id": "b43d3a8f-3fc3-42e4-84e4-41b784a56ba9",
    "data": [
      {
        "text": "make the ",
        "userDefined": false
      },
      {
        "text": "heating",
        "alias": "device",
        "meta": "@heating",
        "userDefined": true
      },
      {
        "text": " lower",
        "userDefined": false
      }
    ],
    "isTemplate": false,
    "count": 1,
    "updated": 0
  },
  {
    "id": "3036f669-f884-491c-b8e9-51bb793f8c7c",
    "data": [
      {
        "text": "turn the ",
        "userDefined": false
      },
      {
        "text": "thermostat",
        "alias": "device",
        "meta": "@heating",
        "userDefined": true
      },
      {
        "text": " down to ",
        "userDefined": false
      },
      {
        "text": "72",
        "alias": "final-value",
        "meta": "@sys.number",
        "userDefined": true
      }
    ],
    "isTemplate": false,
    "count": 1,
    "updated": 0
  },
  {
    "id": "bc344eab-740c-42e2-91fe-8749cd64a6cb",
    "data": [
      {
        "text": "heating ",
        "userDefined": false
      },
      {
        "text": "50",
        "alias": "change-value",
        "meta": "@sys.number",
        "userDefined": true
      },
      {
        "text": " lower",
        "userDefined": false
      }
    ],
    "isTemplate": false,
    "count": 0,
    "updated": 0
  },
  {
    "id": "c0b72f62-e360-4d91-b88d-5683f34ce358",
    "data": [
      {
        "text": "turn down temperature in the ",
        "userDefined": false
      },
      {
        "text": "kitchen",
        "alias": "room",
        "meta": "@room",
        "userDefined": true
      }
    ],
    "isTemplate": false,
    "count": 0,
    "updated": 0
  },
  {
    "id": "8584a7e8-1d42-4e3a-ba58-e5906e6a89ce",
    "data": [
      {
        "text": "make ",
        "userDefined": false
      },
      {
        "text": "heating",
        "alias": "device",
        "meta": "@heating",
        "userDefined": true
      },
      {
        "text": " colder for ",
        "userDefined": false
      },
      {
        "text": "20",
        "alias": "change-value",
        "meta": "@sys.number",
        "userDefined": true
      },
      {
        "text": " degrees",
        "userDefined": false
      }
    ],
    "isTemplate": false,
    "count": 1,
    "updated": 0
  },
  {
    "id": "86ca84a4-db6f-4981-aac1-3690d5a99ae3",
    "data": [
      {
        "text": "can you switch the ",
        "userDefined": false
      },
      {
        "text": "heating",
        "alias": "device",
        "meta": "@heating",
        "userDefined": true
      },
      {
        "text": " down to ",
        "userDefined": false
      },
      {
        "text": "25",
        "alias": "final-value",
        "meta": "@sys.number",
        "userDefined": true
      },
      {
        "text": " grad",
        "userDefined": false
      }
    ],
    "isTemplate": false,
    "count": 0,
    "updated": 0
  },
  {
    "id": "482eb500-32f9-458a-b247-94742936cadf",
    "data": [
      {
        "text": "turn down the temperature to ",
        "userDefined": false
      },
      {
        "text": "80",
        "alias": "final-value",
        "meta": "@sys.number",
        "userDefined": true
      }
    ],
    "isTemplate": false,
    "count": 0,
    "updated": 0
  },
  {
    "id": "cf99623d-7b9b-49f8-80d7-1459b229b734",
    "data": [
      {
        "text": "turn ",
        "userDefined": false
      },
      {
        "text": "heating",
        "alias": "device",
        "meta": "@heating",
        "userDefined": true
      },
      {
        "text": " colder",
        "userDefined": false
      }
    ],
    "isTemplate": false,
    "count": 1,
    "updated": 0
  },
  {
    "id": "d0aa5440-8107-4aef-a3f5-71b7ec5312af",
    "data": [
      {
        "text": "make ",
        "userDefined": false
      },
      {
        "text": "bedroom",
        "alias": "room",
        "meta": "@room",
        "userDefined": true
      },
      {
        "text": " temperature down",
        "userDefined": false
      }
    ],
    "isTemplate": false,
    "count": 0,
    "updated": 0
  },
  {
    "id": "da37b412-5f0d-48bb-9d12-cc7b1920d62c",
    "data": [
      {
        "text": "little",
        "meta": "@sys.ignore",
        "userDefined": true
      },
      {
        "text": " less temperature",
        "userDefined": false
      }
    ],
    "isTemplate": false,
    "count": 0,
    "updated": 0
  },
  {
    "id": "ec17f91c-786c-4107-a862-585dff53d3d1",
    "data": [
      {
        "text": "lower",
        "meta": "@sys.ignore",
        "userDefined": true
      },
      {
        "text": " ",
        "userDefined": false
      },
      {
        "text": "the",
        "meta": "@sys.ignore",
        "userDefined": true
      },
      {
        "text": " ",
        "userDefined": false
      },
      {
        "text": "temperature by",
        "meta": "@sys.ignore",
        "userDefined": true
      },
      {
        "text": " ",
        "userDefined": false
      },
      {
        "text": "5",
        "alias": "change-value",
        "meta": "@sys.number",
        "userDefined": true
      },
      {
        "text": " degrees",
        "userDefined": false
      }
    ],
    "isTemplate": false,
    "count": 0,
    "updated": 0
  },
  {
    "id": "c4e51105-f119-4e10-b30a-bda0aafd274a",
    "data": [
      {
        "text": "turn ",
        "userDefined": false
      },
      {
        "text": "heating",
        "alias": "device",
        "meta": "@heating",
        "userDefined": true
      },
      {
        "text": " down in the ",
        "userDefined": false
      },
      {
        "text": "kitchen",
        "alias": "room",
        "meta": "@room",
        "userDefined": true
      }
    ],
    "isTemplate": false,
    "count": 0,
    "updated": 0
  },
  {
    "id": "0947508a-3806-434c-adde-d9f6431faa7e",
    "data": [
      {
        "text": "turn ",
        "userDefined": false
      },
      {
        "text": "heating",
        "alias": "device",
        "meta": "@heating",
        "userDefined": true
      },
      {
        "text": " cooler for ",
        "userDefined": false
      },
      {
        "text": "20",
        "alias": "change-value",
        "meta": "@sys.number",
        "userDefined": true
      },
      {
        "text": " degrees",
        "userDefined": false
      }
    ],
    "isTemplate": false,
    "count": 0,
    "updated": 0
  },
  {
    "id": "c944ef66-4e54-4498-ae46-07e4af24c609",
    "data": [
      {
        "text": "turn down ",
        "userDefined": false
      },
      {
        "text": "heating",
        "alias": "device",
        "meta": "@heating",
        "userDefined": true
      },
      {
        "text": " until ",
        "userDefined": false
      },
      {
        "text": "40",
        "alias": "final-value",
        "meta": "@sys.number",
        "userDefined": true
      },
      {
        "text": " percents",
        "userDefined": false
      }
    ],
    "isTemplate": false,
    "count": 1,
    "updated": 0
  },
  {
    "id": "1307aebf-2e31-4084-9ee3-078685445973",
    "data": [
      {
        "text": "turn down ",
        "userDefined": false
      },
      {
        "text": "heating",
        "alias": "device",
        "meta": "@heating",
        "userDefined": true
      },
      {
        "text": " until ",
        "userDefined": false
      },
      {
        "text": "40",
        "alias": "final-value",
        "meta": "@sys.number",
        "userDefined": true
      },
      {
        "text": " degrees",
        "userDefined": false
      }
    ],
    "isTemplate": false,
    "count": 1,
    "updated": 0
  },
  {
    "id": "9d3915f7-8288-4dbc-b966-1bda4c532e27",
    "data": [
      {
        "text": "decrease the temperature to ",
        "userDefined": false
      },
      {
        "text": "74",
        "alias": "final-value",
        "meta": "@sys.number",
        "userDefined": true
      },
      {
        "text": " degrees",
        "userDefined": false
      }
    ],
    "isTemplate": false,
    "count": 0,
    "updated": 0
  },
  {
    "id": "86fb75ad-dbf8-4174-b61e-d3a476537dbd",
    "data": [
      {
        "text": "drop the temp to ",
        "userDefined": false
      },
      {
        "text": "28",
        "alias": "final-value",
        "meta": "@sys.number",
        "userDefined": true
      }
    ],
    "isTemplate": false,
    "count": 0,
    "updated": 0
  },
  {
    "id": "72b08701-5470-4e13-8209-e999e55a39a8",
    "data": [
      {
        "text": "turn down ",
        "userDefined": false
      },
      {
        "text": "heating",
        "alias": "device",
        "meta": "@heating",
        "userDefined": true
      },
      {
        "text": " in the ",
        "userDefined": false
      },
      {
        "text": "kitchen",
        "alias": "room",
        "meta": "@room",
        "userDefined": true
      }
    ],
    "isTemplate": false,
    "count": 0,
    "updated": 0
  },
  {
    "id": "6141ca6e-862a-4c34-8219-4db6f719ff01",
    "data": [
      {
        "text": "decrease the ",
        "userDefined": false
      },
      {
        "text": "temperature",
        "meta": "@sys.ignore",
        "userDefined": true
      },
      {
        "text": " ",
        "userDefined": false
      },
      {
        "text": "in",
        "meta": "@sys.ignore",
        "userDefined": true
      },
      {
        "text": " ",
        "userDefined": false
      },
      {
        "text": "air conditioner",
        "alias": "device",
        "meta": "@heating",
        "userDefined": true
      },
      {
        "text": " to ",
        "userDefined": false
      },
      {
        "text": "18",
        "alias": "final-value",
        "meta": "@sys.number",
        "userDefined": true
      },
      {
        "text": " degrees",
        "userDefined": false
      }
    ],
    "isTemplate": false,
    "count": 0,
    "updated": 0
  },
  {
    "id": "cfe8db4b-74f3-4c4d-8dc5-0a2cd9371ed9",
    "data": [
      {
        "text": "turn",
        "meta": "@sys.ignore",
        "userDefined": true
      },
      {
        "text": " ",
        "userDefined": false
      },
      {
        "text": "down",
        "meta": "@sys.ignore",
        "userDefined": true
      },
      {
        "text": " the ",
        "userDefined": false
      },
      {
        "text": "temperature",
        "meta": "@sys.ignore",
        "userDefined": true
      },
      {
        "text": " ",
        "userDefined": false
      },
      {
        "text": "in",
        "meta": "@sys.ignore",
        "userDefined": true
      },
      {
        "text": " ",
        "userDefined": false
      },
      {
        "text": "air conditioner",
        "alias": "device",
        "meta": "@heating",
        "userDefined": true
      },
      {
        "text": " by ",
        "userDefined": false
      },
      {
        "text": "10",
        "alias": "change-value",
        "meta": "@sys.number",
        "userDefined": true
      },
      {
        "text": " points",
        "userDefined": false
      }
    ],
    "isTemplate": false,
    "count": 0,
    "updated": 0
  },
  {
    "id": "49592f22-3530-4fe8-bfd7-fc985243dde5",
    "data": [
      {
        "text": "little",
        "meta": "@sys.ignore",
        "userDefined": true
      },
      {
        "text": " less ",
        "userDefined": false
      },
      {
        "text": "heating",
        "alias": "device",
        "meta": "@heating",
        "userDefined": true
      }
    ],
    "isTemplate": false,
    "count": 0,
    "updated": 0
  },
  {
    "id": "33accb17-0337-40ea-b099-ce149754675e",
    "data": [
      {
        "text": "make it colder by ",
        "userDefined": false
      },
      {
        "text": "20",
        "alias": "change-value",
        "meta": "@sys.number",
        "userDefined": true
      },
      {
        "text": " degrees",
        "userDefined": false
      }
    ],
    "isTemplate": false,
    "count": 0,
    "updated": 0
  },
  {
    "id": "d2db8f8d-c9fb-4858-b51f-3f01a927da4b",
    "data": [
      {
        "text": "turn down ",
        "userDefined": false
      },
      {
        "text": "heating",
        "alias": "device",
        "meta": "@heating",
        "userDefined": true
      }
    ],
    "isTemplate": false,
    "count": 1,
    "updated": 0
  },
  {
    "id": "adc21ec6-cd14-4a4e-a043-3f44eefba5ca",
    "data": [
      {
        "text": "turn temperature down",
        "userDefined": false
      }
    ],
    "isTemplate": false,
    "count": 1,
    "updated": 0
  },
  {
    "id": "08d72a0f-03de-444f-ab0e-a23cb3d77d59",
    "data": [
      {
        "text": "turn down ",
        "userDefined": false
      },
      {
        "text": "heating",
        "alias": "device",
        "meta": "@heating",
        "userDefined": true
      },
      {
        "text": " for ",
        "userDefined": false
      },
      {
        "text": "20",
        "alias": "change-value",
        "meta": "@sys.number",
        "userDefined": true
      },
      {
        "text": " percent",
        "userDefined": false
      }
    ],
    "isTemplate": false,
    "count": 1,
    "updated": 0
  },
  {
    "id": "3fa493c6-8b19-4504-ab2d-aaf147b37824",
    "data": [
      {
        "text": "turn down the temperature to ",
        "userDefined": false
      },
      {
        "text": "78",
        "alias": "final-value",
        "meta": "@sys.number",
        "userDefined": true
      }
    ],
    "isTemplate": false,
    "count": 0,
    "updated": 0
  },
  {
    "id": "7079133c-8add-48f8-8ac1-81c1f5b327a8",
    "data": [
      {
        "text": "make ",
        "userDefined": false
      },
      {
        "text": "heating",
        "alias": "device",
        "meta": "@heating",
        "userDefined": true
      },
      {
        "text": " in the ",
        "userDefined": false
      },
      {
        "text": "kitchen",
        "alias": "room",
        "meta": "@room",
        "userDefined": true
      },
      {
        "text": " ",
        "userDefined": false
      },
      {
        "text": "10",
        "alias": "change-value",
        "meta": "@sys.number",
        "userDefined": true
      },
      {
        "text": " less",
        "userDefined": false
      }
    ],
    "isTemplate": false,
    "count": 1,
    "updated": 0
  },
  {
    "id": "51af4f62-2b75-44ac-9eba-c21261a43ed9",
    "data": [
      {
        "text": "less ",
        "userDefined": false
      },
      {
        "text": "heating",
        "alias": "device",
        "meta": "@heating",
        "userDefined": true
      }
    ],
    "isTemplate": false,
    "count": 1,
    "updated": 0
  },
  {
    "id": "3d15fdd2-ad9b-4298-82bb-386182b44444",
    "data": [
      {
        "text": "can",
        "meta": "@sys.ignore",
        "userDefined": true
      },
      {
        "text": " you ",
        "userDefined": false
      },
      {
        "text": "lower",
        "meta": "@sys.ignore",
        "userDefined": true
      },
      {
        "text": " the ",
        "userDefined": false
      },
      {
        "text": "temperature",
        "meta": "@sys.ignore",
        "userDefined": true
      },
      {
        "text": " of ",
        "userDefined": false
      },
      {
        "text": "air conditioning",
        "alias": "device",
        "meta": "@heating",
        "userDefined": true
      },
      {
        "text": " a ",
        "userDefined": false
      },
      {
        "text": "little",
        "meta": "@sys.ignore",
        "userDefined": true
      },
      {
        "text": " ",
        "userDefined": false
      },
      {
        "text": "bit",
        "meta": "@sys.ignore",
        "userDefined": true
      }
    ],
    "isTemplate": false,
    "count": 0,
    "updated": 0
  },
  {
    "id": "799f39e8-a36d-4d04-8a30-4a419b67a1c8",
    "data": [
      {
        "text": "turn down the ",
        "userDefined": false
      },
      {
        "text": "heating",
        "alias": "device",
        "meta": "@heating",
        "userDefined": true
      },
      {
        "text": " by ",
        "userDefined": false
      },
      {
        "text": "50",
        "alias": "change-value",
        "meta": "@sys.number",
        "userDefined": true
      },
      {
        "text": " percent",
        "userDefined": false
      }
    ],
    "isTemplate": false,
    "count": 1,
    "updated": 0
  },
  {
    "id": "bafe8111-3d6e-474c-8038-cb3217493164",
    "data": [
      {
        "text": "heating",
        "alias": "device",
        "meta": "@heating",
        "userDefined": true
      },
      {
        "text": " ",
        "userDefined": false
      },
      {
        "text": "50",
        "alias": "change-value",
        "meta": "@sys.number",
        "userDefined": true
      },
      {
        "text": " lower",
        "userDefined": false
      }
    ],
    "isTemplate": false,
    "count": 1,
    "updated": 0
  },
  {
    "id": "db17b2e5-9238-4ae6-976f-dabd0b47f745",
    "data": [
      {
        "text": "turn ",
        "userDefined": false
      },
      {
        "text": "heating",
        "alias": "device",
        "meta": "@heating",
        "userDefined": true
      },
      {
        "text": " colder till ",
        "userDefined": false
      },
      {
        "text": "40",
        "alias": "final-value",
        "meta": "@sys.number",
        "userDefined": true
      },
      {
        "text": " percents",
        "userDefined": false
      }
    ],
    "isTemplate": false,
    "count": 1,
    "updated": 0
  },
  {
    "id": "62fcd382-9976-45e8-a6ab-bc82260bd56e",
    "data": [
      {
        "text": "a little less ",
        "userDefined": false
      },
      {
        "text": "heating",
        "alias": "device",
        "meta": "@heating",
        "userDefined": true
      }
    ],
    "isTemplate": false,
    "count": 1,
    "updated": 0
  },
  {
    "id": "1db5686d-96d3-4c02-9f2c-9efdafca92a9",
    "data": [
      {
        "text": "turn down ",
        "userDefined": false
      },
      {
        "text": "heating",
        "alias": "device",
        "meta": "@heating",
        "userDefined": true
      },
      {
        "text": " for ",
        "userDefined": false
      },
      {
        "text": "20",
        "alias": "change-value",
        "meta": "@sys.number",
        "userDefined": true
      },
      {
        "text": " percents",
        "userDefined": false
      }
    ],
    "isTemplate": false,
    "count": 1,
    "updated": 0
  },
  {
    "id": "dfced407-7d99-498a-82d5-7cc0e37d6c6b",
    "data": [
      {
        "text": "make ",
        "userDefined": false
      },
      {
        "text": "heating",
        "alias": "device",
        "meta": "@heating",
        "userDefined": true
      },
      {
        "text": " lower by ",
        "userDefined": false
      },
      {
        "text": "5",
        "alias": "change-value",
        "meta": "@sys.number",
        "userDefined": true
      },
      {
        "text": " degrees in the ",
        "userDefined": false
      },
      {
        "text": "kitchen",
        "alias": "room",
        "meta": "@room",
        "userDefined": true
      }
    ],
    "isTemplate": false,
    "count": 0,
    "updated": 0
  },
  {
    "id": "97bd8d52-57b7-49a3-bb25-b071a8ef9d1b",
    "data": [
      {
        "text": "make it cooler",
        "userDefined": false
      }
    ],
    "isTemplate": false,
    "count": 0,
    "updated": 0
  },
  {
    "id": "2677f029-5d41-4ba5-84da-c847831bb414",
    "data": [
      {
        "text": "less ",
        "userDefined": false
      },
      {
        "text": "heat",
        "alias": "device",
        "meta": "@heating",
        "userDefined": true
      },
      {
        "text": " in the ",
        "userDefined": false
      },
      {
        "text": "kitchen",
        "alias": "room",
        "meta": "@room",
        "userDefined": true
      }
    ],
    "isTemplate": false,
    "count": 0,
    "updated": 0
  },
  {
    "id": "22fe6f82-2fa5-40d7-aab4-bbb61df8e13b",
    "data": [
      {
        "text": "temperature",
        "meta": "@sys.ignore",
        "userDefined": true
      },
      {
        "text": " down",
        "userDefined": false
      }
    ],
    "isTemplate": false,
    "count": 0,
    "updated": 0
  },
  {
    "id": "37311e8d-36cc-4af1-86a1-00e5cec85d64",
    "data": [
      {
        "text": "make ",
        "userDefined": false
      },
      {
        "text": "heating",
        "alias": "device",
        "meta": "@heating",
        "userDefined": true
      },
      {
        "text": " down",
        "userDefined": false
      }
    ],
    "isTemplate": false,
    "count": 0,
    "updated": 0
  },
  {
    "id": "d5336120-bc1b-4ecc-9212-8a1eb7dfd4b7",
    "data": [
      {
        "text": "turn ",
        "userDefined": false
      },
      {
        "text": "heating",
        "alias": "device",
        "meta": "@heating",
        "userDefined": true
      },
      {
        "text": " ",
        "userDefined": false
      },
      {
        "text": "20",
        "alias": "change-value",
        "meta": "@sys.number",
        "userDefined": true
      },
      {
        "text": " degrees cooler",
        "userDefined": false
      }
    ],
    "isTemplate": false,
    "count": 1,
    "updated": 0
  },
  {
    "id": "32d978e7-8349-4f92-8fca-1e241c5b7f88",
    "data": [
      {
        "text": "make it colder by ",
        "userDefined": false
      },
      {
        "text": "20",
        "alias": "change-value",
        "meta": "@sys.number",
        "userDefined": true
      },
      {
        "text": " degrees in ",
        "userDefined": false
      },
      {
        "text": "kitchen",
        "alias": "room",
        "meta": "@room",
        "userDefined": true
      }
    ],
    "isTemplate": false,
    "count": 0,
    "updated": 0
  },
  {
    "id": "a1f142de-72c8-40fe-a57f-9df7ba10d36d",
    "data": [
      {
        "text": "turn ",
        "userDefined": false
      },
      {
        "text": "heating",
        "alias": "device",
        "meta": "@heating",
        "userDefined": true
      },
      {
        "text": " down for ",
        "userDefined": false
      },
      {
        "text": "5",
        "alias": "change-value",
        "meta": "@sys.number",
        "userDefined": true
      },
      {
        "text": " grad",
        "userDefined": false
      }
    ],
    "isTemplate": false,
    "count": 0,
    "updated": 0
  },
  {
    "id": "51d27cd9-a0ab-4063-b2f5-6f65721c5e7c",
    "data": [
      {
        "text": "turn ",
        "userDefined": false
      },
      {
        "text": "heating",
        "alias": "device",
        "meta": "@heating",
        "userDefined": true
      },
      {
        "text": " colder to ",
        "userDefined": false
      },
      {
        "text": "40",
        "alias": "final-value",
        "meta": "@sys.number",
        "userDefined": true
      },
      {
        "text": " percents",
        "userDefined": false
      }
    ],
    "isTemplate": false,
    "count": 1,
    "updated": 0
  },
  {
    "id": "718fe2c8-2cb9-4c88-8a2a-3deef7b1b47a",
    "data": [
      {
        "text": "make ",
        "userDefined": false
      },
      {
        "text": "heating",
        "alias": "device",
        "meta": "@heating",
        "userDefined": true
      },
      {
        "text": " colder till ",
        "userDefined": false
      },
      {
        "text": "40",
        "alias": "final-value",
        "meta": "@sys.number",
        "userDefined": true
      },
      {
        "text": " percents",
        "userDefined": false
      }
    ],
    "isTemplate": false,
    "count": 1,
    "updated": 0
  },
  {
    "id": "e1643e72-21eb-4710-b742-62580183ab91",
    "data": [
      {
        "text": "decrease the ",
        "userDefined": false
      },
      {
        "text": "heat",
        "alias": "device",
        "meta": "@heating",
        "userDefined": true
      },
      {
        "text": " by ",
        "userDefined": false
      },
      {
        "text": "5",
        "alias": "change-value",
        "meta": "@sys.number",
        "userDefined": true
      },
      {
        "text": " degrees",
        "userDefined": false
      }
    ],
    "isTemplate": false,
    "count": 0,
    "updated": 0
  },
  {
    "id": "7fc9c569-67f6-4604-b037-272a3ac0ac80",
    "data": [
      {
        "text": "make the ",
        "userDefined": false
      },
      {
        "text": "air conditioning",
        "alias": "device",
        "meta": "@heating",
        "userDefined": true
      },
      {
        "text": " cooler",
        "userDefined": false
      }
    ],
    "isTemplate": false,
    "count": 0,
    "updated": 0
  },
  {
    "id": "1d3ae19a-4c5c-48dc-b909-6b1300bf756a",
    "data": [
      {
        "text": "turn down ",
        "userDefined": false
      },
      {
        "text": "heating",
        "alias": "device",
        "meta": "@heating",
        "userDefined": true
      },
      {
        "text": " until ",
        "userDefined": false
      },
      {
        "text": "40",
        "alias": "final-value",
        "meta": "@sys.number",
        "userDefined": true
      }
    ],
    "isTemplate": false,
    "count": 1,
    "updated": 0
  },
  {
    "id": "cd2db282-90b8-4ddf-8f33-8fe1c5158c91",
    "data": [
      {
        "text": "turn ",
        "userDefined": false
      },
      {
        "text": "heating",
        "alias": "device",
        "meta": "@heating",
        "userDefined": true
      },
      {
        "text": " down",
        "userDefined": false
      }
    ],
    "isTemplate": false,
    "count": 2,
    "updated": 0
  },
  {
    "id": "2ce4ee5c-11c7-4b62-aed3-22e3c7c41275",
    "data": [
      {
        "text": "make it colder by ",
        "userDefined": false
      },
      {
        "text": "20",
        "alias": "change-value",
        "meta": "@sys.number",
        "userDefined": true
      },
      {
        "text": " degrees in ",
        "userDefined": false
      },
      {
        "text": "bedroom",
        "alias": "room",
        "meta": "@room",
        "userDefined": true
      }
    ],
    "isTemplate": false,
    "count": 0,
    "updated": 0
  },
  {
    "id": "3d5a7e26-1897-4881-8b09-b45953e43dd3",
    "data": [
      {
        "text": "make ",
        "userDefined": false
      },
      {
        "text": "heating",
        "alias": "device",
        "meta": "@heating",
        "userDefined": true
      },
      {
        "text": " colder",
        "userDefined": false
      }
    ],
    "isTemplate": false,
    "count": 1,
    "updated": 0
  },
  {
    "id": "809922ea-01d9-481d-a459-3fcb32f418d1",
    "data": [
      {
        "text": "lower the ",
        "userDefined": false
      },
      {
        "text": "bedroom",
        "alias": "room",
        "meta": "@room",
        "userDefined": true
      },
      {
        "text": " temperature",
        "userDefined": false
      }
    ],
    "isTemplate": false,
    "count": 0,
    "updated": 0
  },
  {
    "id": "c3549b8b-bc0f-45e8-8432-7f84a0359b91",
    "data": [
      {
        "text": "turn down ",
        "userDefined": false
      },
      {
        "text": "heating",
        "alias": "device",
        "meta": "@heating",
        "userDefined": true
      },
      {
        "text": " for ",
        "userDefined": false
      },
      {
        "text": "20",
        "alias": "change-value",
        "meta": "@sys.number",
        "userDefined": true
      }
    ],
    "isTemplate": false,
    "count": 1,
    "updated": 0
  },
  {
    "id": "f67d36d1-ee3c-4b33-b5a4-9f421c74ecad",
    "data": [
      {
        "text": "make ",
        "userDefined": false
      },
      {
        "text": "heating",
        "alias": "device",
        "meta": "@heating",
        "userDefined": true
      },
      {
        "text": " ",
        "userDefined": false
      },
      {
        "text": "20",
        "alias": "change-value",
        "meta": "@sys.number",
        "userDefined": true
      },
      {
        "text": " degrees cooler",
        "userDefined": false
      }
    ],
    "isTemplate": false,
    "count": 1,
    "updated": 0
  },
  {
    "id": "884fd4b3-2d1c-4c21-8ccb-9e4a239f0a73",
    "data": [
      {
        "text": "turn the ",
        "userDefined": false
      },
      {
        "text": "heating",
        "alias": "device",
        "meta": "@heating",
        "userDefined": true
      },
      {
        "text": " down by ",
        "userDefined": false
      },
      {
        "text": "5",
        "alias": "change-value",
        "meta": "@sys.number",
        "userDefined": true
      },
      {
        "text": " degrees",
        "userDefined": false
      }
    ],
    "isTemplate": false,
    "count": 0,
    "updated": 0
  },
  {
    "id": "9c999076-869d-449e-bc55-f5268fc71ea4",
    "data": [
      {
        "text": "make temperature down",
        "userDefined": false
      }
    ],
    "isTemplate": false,
    "count": 0,
    "updated": 0
  },
  {
    "id": "ee02fccd-5720-48da-a466-b1c596cddb86",
    "data": [
      {
        "text": "can you turn the ",
        "userDefined": false
      },
      {
        "text": "heating",
        "alias": "device",
        "meta": "@heating",
        "userDefined": true
      },
      {
        "text": " down to ",
        "userDefined": false
      },
      {
        "text": "25",
        "alias": "final-value",
        "meta": "@sys.number",
        "userDefined": true
      },
      {
        "text": " grad",
        "userDefined": false
      }
    ],
    "isTemplate": false,
    "count": 0,
    "updated": 0
  },
  {
    "id": "1ef28177-6409-4809-a092-b7b17d868417",
    "data": [
      {
        "text": "lower temp by ",
        "userDefined": false
      },
      {
        "text": "5",
        "alias": "change-value",
        "meta": "@sys.number",
        "userDefined": true
      },
      {
        "text": " grad",
        "userDefined": false
      }
    ],
    "isTemplate": false,
    "count": 0,
    "updated": 0
  },
  {
    "id": "f4967f94-e1d7-4745-a320-535f42350496",
    "data": [
      {
        "text": "please turn the temp down by ",
        "userDefined": false
      },
      {
        "text": "five",
        "alias": "change-value",
        "meta": "@sys.number",
        "userDefined": true
      },
      {
        "text": " degrees",
        "userDefined": false
      }
    ],
    "isTemplate": false,
    "count": 0,
    "updated": 0
  },
  {
    "id": "fe98fd91-c8a4-4111-8e30-82e1dbf1c98d",
    "data": [
      {
        "text": "cold ",
        "userDefined": false
      },
      {
        "text": "heating",
        "alias": "device",
        "meta": "@heating",
        "userDefined": true
      },
      {
        "text": " to ",
        "userDefined": false
      },
      {
        "text": "40",
        "alias": "final-value",
        "meta": "@sys.number",
        "userDefined": true
      },
      {
        "text": " percents",
        "userDefined": false
      }
    ],
    "isTemplate": false,
    "count": 1,
    "updated": 0
  },
  {
    "id": "8982abf4-93f1-4c10-9bb9-ac9dac82c469",
    "data": [
      {
        "text": "temperature",
        "meta": "@sys.ignore",
        "userDefined": true
      },
      {
        "text": " down till ",
        "userDefined": false
      },
      {
        "text": "5",
        "alias": "final-value",
        "meta": "@sys.number",
        "userDefined": true
      },
      {
        "text": " degrees in the ",
        "userDefined": false
      },
      {
        "text": "kitchen",
        "alias": "room",
        "meta": "@room",
        "userDefined": true
      }
    ],
    "isTemplate": false,
    "count": 0,
    "updated": 0
  },
  {
    "id": "4be9ab66-cdcc-498c-820f-7ba249256555",
    "data": [
      {
        "text": "turn down ",
        "userDefined": false
      },
      {
        "text": "heating",
        "alias": "device",
        "meta": "@heating",
        "userDefined": true
      },
      {
        "text": " until ",
        "userDefined": false
      },
      {
        "text": "40",
        "alias": "final-value",
        "meta": "@sys.number",
        "userDefined": true
      },
      {
        "text": " percent",
        "userDefined": false
      }
    ],
    "isTemplate": false,
    "count": 1,
    "updated": 0
  },
  {
    "id": "e8ed0e81-2692-4d28-91f2-7b0ac6307839",
    "data": [
      {
        "text": "turn the ",
        "userDefined": false
      },
      {
        "text": "heating",
        "alias": "device",
        "meta": "@heating",
        "userDefined": true
      },
      {
        "text": " down for ",
        "userDefined": false
      },
      {
        "text": "20",
        "alias": "change-value",
        "meta": "@sys.number",
        "userDefined": true
      },
      {
        "text": " percents",
        "userDefined": false
      }
    ],
    "isTemplate": false,
    "count": 1,
    "updated": 0
  },
  {
    "id": "415c3774-a95f-4273-8176-b71f60de5629",
    "data": [
      {
        "text": "heating",
        "alias": "device",
        "meta": "@heating",
        "userDefined": true
      },
      {
        "text": " down",
        "userDefined": false
      }
    ],
    "isTemplate": false,
    "count": 3,
    "updated": 0
  },
  {
    "id": "d9befa59-7e88-40ce-a1e1-c7f10eaafa31",
    "data": [
      {
        "text": "turn",
        "meta": "@sys.ignore",
        "userDefined": true
      },
      {
        "text": " ",
        "userDefined": false
      },
      {
        "text": "down",
        "meta": "@sys.ignore",
        "userDefined": true
      },
      {
        "text": " the ",
        "userDefined": false
      },
      {
        "text": "temperature",
        "meta": "@sys.ignore",
        "userDefined": true
      },
      {
        "text": " of ",
        "userDefined": false
      },
      {
        "text": "air conditioner",
        "alias": "device",
        "meta": "@heating",
        "userDefined": true
      }
    ],
    "isTemplate": false,
    "count": 0,
    "updated": 0
  },
  {
    "id": "b132c8df-9afa-4f64-8076-fca23a68399d",
    "data": [
      {
        "text": "make the ",
        "userDefined": false
      },
      {
        "text": "heating",
        "alias": "device",
        "meta": "@heating",
        "userDefined": true
      },
      {
        "text": " colder for ",
        "userDefined": false
      },
      {
        "text": "20",
        "alias": "change-value",
        "meta": "@sys.number",
        "userDefined": true
      },
      {
        "text": " percents",
        "userDefined": false
      }
    ],
    "isTemplate": false,
    "count": 1,
    "updated": 0
  },
  {
    "id": "0021c33e-2da2-4d02-98df-d14265051cde",
    "data": [
      {
        "text": "decrease the ",
        "userDefined": false
      },
      {
        "text": "temperature",
        "meta": "@sys.ignore",
        "userDefined": true
      },
      {
        "text": " ",
        "userDefined": false
      },
      {
        "text": "in",
        "meta": "@sys.ignore",
        "userDefined": true
      },
      {
        "text": " ",
        "userDefined": false
      },
      {
        "text": "air conditioner",
        "alias": "device",
        "meta": "@heating",
        "userDefined": true
      }
    ],
    "isTemplate": false,
    "count": 0,
    "updated": 0
  },
  {
    "id": "8470a785-a812-4724-92ea-a366628b2d43",
    "data": [
      {
        "text": "make ",
        "userDefined": false
      },
      {
        "text": "heating",
        "alias": "device",
        "meta": "@heating",
        "userDefined": true
      },
      {
        "text": " colder until ",
        "userDefined": false
      },
      {
        "text": "40",
        "alias": "final-value",
        "meta": "@sys.number",
        "userDefined": true
      },
      {
        "text": " percents",
        "userDefined": false
      }
    ],
    "isTemplate": false,
    "count": 1,
    "updated": 0
  },
  {
    "id": "7ac3f8a9-7fb8-43f8-b5bf-d8195d5f6969",
    "data": [
      {
        "text": "turn the ",
        "userDefined": false
      },
      {
        "text": "heat",
        "alias": "device",
        "meta": "@heating",
        "userDefined": true
      },
      {
        "text": " down by ",
        "userDefined": false
      },
      {
        "text": "five",
        "alias": "change-value",
        "meta": "@sys.number",
        "userDefined": true
      },
      {
        "text": " degrees",
        "userDefined": false
      }
    ],
    "isTemplate": false,
    "count": 0,
    "updated": 0
  },
  {
    "id": "f3bf06d9-3a35-41fc-a9ba-5c7dd6e2d298",
    "data": [
      {
        "text": "switch down the temp to ",
        "userDefined": false
      },
      {
        "text": "69",
        "alias": "final-value",
        "meta": "@sys.number",
        "userDefined": true
      }
    ],
    "isTemplate": false,
    "count": 1,
    "updated": 0
  },
  {
    "id": "bc42c08a-f2ef-43f9-90a0-ba1889237922",
    "data": [
      {
        "text": "temperature down by ",
        "userDefined": false
      },
      {
        "text": "5",
        "alias": "change-value",
        "meta": "@sys.number",
        "userDefined": true
      },
      {
        "text": " degrees",
        "userDefined": false
      }
    ],
    "isTemplate": false,
    "count": 0,
    "updated": 0
  },
  {
    "id": "08a82c98-1ea6-40e6-90f5-43efb062a0a6",
    "data": [
      {
        "text": "can you switch down the ",
        "userDefined": false
      },
      {
        "text": "heating",
        "alias": "device",
        "meta": "@heating",
        "userDefined": true
      },
      {
        "text": " for ",
        "userDefined": false
      },
      {
        "text": "20",
        "alias": "change-value",
        "meta": "@sys.number",
        "userDefined": true
      },
      {
        "text": " grad",
        "userDefined": false
      }
    ],
    "isTemplate": false,
    "count": 0,
    "updated": 0
  },
  {
    "id": "ee0445f7-eecd-4f88-b9e7-83fdd3c7c8d2",
    "data": [
      {
        "text": "I need less ",
        "userDefined": false
      },
      {
        "text": "heat",
        "alias": "device",
        "meta": "@heating",
        "userDefined": true
      },
      {
        "text": " in here",
        "userDefined": false
      }
    ],
    "isTemplate": false,
    "count": 0,
    "updated": 0
  },
  {
    "id": "82f32a27-294c-4991-a5b6-6d946143d83f",
    "data": [
      {
        "text": "lower temp by ",
        "userDefined": false
      },
      {
        "text": "25",
        "alias": "change-value",
        "meta": "@sys.number",
        "userDefined": true
      },
      {
        "text": " grad",
        "userDefined": false
      }
    ],
    "isTemplate": false,
    "count": 0,
    "updated": 0
  },
  {
    "id": "560d294b-b241-4775-a94d-b4f0bde0492c",
    "data": [
      {
        "text": "cool",
        "meta": "@sys.ignore",
        "userDefined": true
      },
      {
        "text": " the air ",
        "userDefined": false
      },
      {
        "text": "in",
        "meta": "@sys.ignore",
        "userDefined": true
      },
      {
        "text": " ",
        "userDefined": false
      },
      {
        "text": "air conditioner",
        "alias": "device",
        "meta": "@heating",
        "userDefined": true
      }
    ],
    "isTemplate": false,
    "count": 0,
    "updated": 0
  },
  {
    "id": "1e5590f8-3de3-4d5f-b297-31fdde7a4f17",
    "data": [
      {
        "text": "lower",
        "meta": "@sys.ignore",
        "userDefined": true
      },
      {
        "text": " the ",
        "userDefined": false
      },
      {
        "text": "temperature",
        "meta": "@sys.ignore",
        "userDefined": true
      },
      {
        "text": " by ",
        "userDefined": false
      },
      {
        "text": "2",
        "alias": "change-value",
        "meta": "@sys.number",
        "userDefined": true
      },
      {
        "text": " degrees",
        "userDefined": false
      }
    ],
    "isTemplate": false,
    "count": 0,
    "updated": 0
  },
  {
    "id": "d7629de5-f2c0-4f77-b965-e393074618e5",
    "data": [
      {
        "text": "turn ",
        "userDefined": false
      },
      {
        "text": "heating",
        "alias": "device",
        "meta": "@heating",
        "userDefined": true
      },
      {
        "text": " colder until ",
        "userDefined": false
      },
      {
        "text": "40",
        "alias": "final-value",
        "meta": "@sys.number",
        "userDefined": true
      },
      {
        "text": " percents",
        "userDefined": false
      }
    ],
    "isTemplate": false,
    "count": 1,
    "updated": 0
  },
  {
    "id": "b0f0d849-d7c6-4977-a294-3d18d5f1b7e4",
    "data": [
      {
        "text": "turn down the ",
        "userDefined": false
      },
      {
        "text": "heating",
        "alias": "device",
        "meta": "@heating",
        "userDefined": true
      },
      {
        "text": " in ",
        "userDefined": false
      },
      {
        "text": "bedroom",
        "alias": "room",
        "meta": "@room",
        "userDefined": true
      },
      {
        "text": " by ",
        "userDefined": false
      },
      {
        "text": "5",
        "alias": "change-value",
        "meta": "@sys.number",
        "userDefined": true
      },
      {
        "text": " grad",
        "userDefined": false
      }
    ],
    "isTemplate": false,
    "count": 0,
    "updated": 0
  },
  {
    "id": "8f818e43-e0d0-4a75-975e-e6d9a4e8f976",
    "data": [
      {
        "text": "cold ",
        "userDefined": false
      },
      {
        "text": "heating",
        "alias": "device",
        "meta": "@heating",
        "userDefined": true
      },
      {
        "text": " till ",
        "userDefined": false
      },
      {
        "text": "40",
        "alias": "final-value",
        "meta": "@sys.number",
        "userDefined": true
      },
      {
        "text": " percents",
        "userDefined": false
      }
    ],
    "isTemplate": false,
    "count": 1,
    "updated": 0
  },
  {
    "id": "b1c37a8c-476a-4b01-a044-22cf9f50084a",
    "data": [
      {
        "text": "turn down the temperature",
        "userDefined": false
      }
    ],
    "isTemplate": false,
    "count": 0,
    "updated": 0
  },
  {
    "id": "f6e661c0-dac5-4939-b461-cbfea1cb2c4a",
    "data": [
      {
        "text": "lower the ",
        "userDefined": false
      },
      {
        "text": "thermostat",
        "alias": "device",
        "meta": "@heating",
        "userDefined": true
      },
      {
        "text": " to ",
        "userDefined": false
      },
      {
        "text": "69",
        "alias": "final-value",
        "meta": "@sys.number",
        "userDefined": true
      },
      {
        "text": " Fahrenheit",
        "userDefined": false
      }
    ],
    "isTemplate": false,
    "count": 1,
    "updated": 0
  },
  {
    "id": "d938d2bb-a3cc-4804-b8ef-c5f5ae849a62",
    "data": [
      {
        "text": "turn down the ",
        "userDefined": false
      },
      {
        "text": "heating",
        "alias": "device",
        "meta": "@heating",
        "userDefined": true
      },
      {
        "text": " by ",
        "userDefined": false
      },
      {
        "text": "5",
        "alias": "change-value",
        "meta": "@sys.number",
        "userDefined": true
      },
      {
        "text": " points",
        "userDefined": false
      }
    ],
    "isTemplate": false,
    "count": 0,
    "updated": 0
  },
  {
    "id": "f97b675d-566a-413b-8643-54d83bea3a47",
    "data": [
      {
        "text": "turn the temperature down to ",
        "userDefined": false
      },
      {
        "text": "72",
        "alias": "final-value",
        "meta": "@sys.number",
        "userDefined": true
      }
    ],
    "isTemplate": false,
    "count": 1,
    "updated": 0
  },
  {
    "id": "ef1cd3cf-bded-4cfa-a669-ad36dfa71ece",
    "data": [
      {
        "text": "make ",
        "userDefined": false
      },
      {
        "text": "heating",
        "alias": "device",
        "meta": "@heating",
        "userDefined": true
      },
      {
        "text": " colder to ",
        "userDefined": false
      },
      {
        "text": "40",
        "alias": "final-value",
        "meta": "@sys.number",
        "userDefined": true
      },
      {
        "text": " percents",
        "userDefined": false
      }
    ],
    "isTemplate": false,
    "count": 1,
    "updated": 0
  },
  {
    "id": "1705377c-fdca-40dc-9821-7b366e8ac20a",
    "data": [
      {
        "text": "make cooler by ",
        "userDefined": false
      },
      {
        "text": "30",
        "alias": "change-value",
        "meta": "@sys.number",
        "userDefined": true
      },
      {
        "text": " degrees",
        "userDefined": false
      }
    ],
    "isTemplate": false,
    "count": 0,
    "updated": 0
  },
  {
    "id": "ad43a0e8-474a-4a92-9fa1-dcf20e949724",
    "data": [
      {
        "text": "I need less ",
        "userDefined": false
      },
      {
        "text": "heat",
        "alias": "device",
        "meta": "@heating",
        "userDefined": true
      },
      {
        "text": " in the ",
        "userDefined": false
      },
      {
        "text": "living room",
        "alias": "room",
        "meta": "@room",
        "userDefined": true
      }
    ],
    "isTemplate": false,
    "count": 0,
    "updated": 0
  },
  {
    "id": "3455097c-0e44-486e-a15c-08506bd521c5",
    "data": [
      {
        "text": "turn ",
        "userDefined": false
      },
      {
        "text": "heating",
        "alias": "device",
        "meta": "@heating",
        "userDefined": true
      },
      {
        "text": " colder for ",
        "userDefined": false
      },
      {
        "text": "20",
        "alias": "change-value",
        "meta": "@sys.number",
        "userDefined": true
      },
      {
        "text": " percents",
        "userDefined": false
      }
    ],
    "isTemplate": false,
    "count": 2,
    "updated": 0
  },
  {
    "id": "94e80518-ba66-4d72-8e33-2ec1c6da109d",
    "data": [
      {
        "text": "make ",
        "userDefined": false
      },
      {
        "text": "heating",
        "alias": "device",
        "meta": "@heating",
        "userDefined": true
      },
      {
        "text": " cooler for ",
        "userDefined": false
      },
      {
        "text": "20",
        "alias": "change-value",
        "meta": "@sys.number",
        "userDefined": true
      },
      {
        "text": " degrees",
        "userDefined": false
      }
    ],
    "isTemplate": false,
    "count": 0,
    "updated": 0
  },
  {
    "id": "ec2dc037-8bc4-49ef-9944-d1febd767de5",
    "data": [
      {
        "text": "turn down ",
        "userDefined": false
      },
      {
        "text": "heating",
        "alias": "device",
        "meta": "@heating",
        "userDefined": true
      },
      {
        "text": " for ",
        "userDefined": false
      },
      {
        "text": "20",
        "alias": "change-value",
        "meta": "@sys.number",
        "userDefined": true
      },
      {
        "text": " degrees",
        "userDefined": false
      }
    ],
    "isTemplate": false,
    "count": 1,
    "updated": 0
  },
  {
    "id": "e51601ef-19f1-474b-b183-fe495257cb7f",
    "data": [
      {
        "text": "temperature down to ",
        "userDefined": false
      },
      {
        "text": "5",
        "alias": "final-value",
        "meta": "@sys.number",
        "userDefined": true
      },
      {
        "text": " degrees",
        "userDefined": false
      }
    ],
    "isTemplate": false,
    "count": 0,
    "updated": 0
  },
  {
    "id": "354bcf0a-298e-4119-8091-d137754578fa",
    "data": [
      {
        "text": "decrease the ",
        "userDefined": false
      },
      {
        "text": "heat",
        "alias": "device",
        "meta": "@heating",
        "userDefined": true
      },
      {
        "text": " in ",
        "userDefined": false
      },
      {
        "text": "living room",
        "alias": "room",
        "meta": "@room",
        "userDefined": true
      },
      {
        "text": " by ",
        "userDefined": false
      },
      {
        "text": "5",
        "alias": "change-value",
        "meta": "@sys.number",
        "userDefined": true
      },
      {
        "text": " degrees",
        "userDefined": false
      }
    ],
    "isTemplate": false,
    "count": 0,
    "updated": 0
  }
]