[
  {
    "id": "e99403d8-05bb-44df-9915-13c612356ac8",
    "data": [
      {
        "text": "speakers",
        "alias": "device",
        "meta": "@device-volume",
        "userDefined": false
      },
      {
        "text": " ",
        "userDefined": false
      },
      {
        "text": "volume",
        "meta": "@sys.ignore",
        "userDefined": true
      },
      {
        "text": " down till ",
        "userDefined": false
      },
      {
        "text": "7",
        "alias": "final-value",
        "meta": "@sys.number",
        "userDefined": true
      }
    ],
    "isTemplate": false,
    "count": 0,
    "updated": 0
  },
  {
    "id": "c49a9781-f2e0-4c2b-9475-6d110c60c8d9",
    "data": [
      {
        "text": "turn the ",
        "userDefined": false
      },
      {
        "text": "TV",
        "alias": "device",
        "meta": "@device-volume",
        "userDefined": false
      },
      {
        "text": " volume down in ",
        "userDefined": false
      },
      {
        "text": "bedroom",
        "alias": "room",
        "meta": "@room",
        "userDefined": true
      }
    ],
    "isTemplate": false,
    "count": 0,
    "updated": 0
  },
  {
    "id": "f5d474c9-72fe-4a6d-ac34-eac38649f738",
    "data": [
      {
        "text": "turn down ",
        "userDefined": false
      },
      {
        "text": "speakers",
        "alias": "device",
        "meta": "@device-volume",
        "userDefined": false
      },
      {
        "text": " in ",
        "userDefined": false
      },
      {
        "text": "bedroom",
        "alias": "room",
        "meta": "@room",
        "userDefined": true
      }
    ],
    "isTemplate": false,
    "count": 0,
    "updated": 0
  },
  {
    "id": "37aafe81-658c-41a1-80bb-2c6cff8edb1d",
    "data": [
      {
        "text": "turn the ",
        "userDefined": false
      },
      {
        "text": "TV",
        "alias": "device",
        "meta": "@device-volume",
        "userDefined": false
      },
      {
        "text": " down by ",
        "userDefined": false
      },
      {
        "text": "3",
        "alias": "change-value",
        "meta": "@sys.number",
        "userDefined": true
      },
      {
        "text": " percent",
        "userDefined": false
      }
    ],
    "isTemplate": false,
    "count": 0,
    "updated": 0
  },
  {
    "id": "eb49926d-3f8c-494a-8568-06f5e21b4fe6",
    "data": [
      {
        "text": "make the volume go down",
        "userDefined": false
      }
    ],
    "isTemplate": false,
    "count": 0,
    "updated": 0
  },
  {
    "id": "843696a1-e951-4ec9-ae02-befc39bf6eb6",
    "data": [
      {
        "text": "it\u0027s too loud",
        "userDefined": false
      }
    ],
    "isTemplate": false,
    "count": 0,
    "updated": 0
  },
  {
    "id": "ae6ad663-e6dd-4f3d-958e-e2118104f030",
    "data": [
      {
        "text": "turn the ",
        "userDefined": false
      },
      {
        "text": "TV",
        "alias": "device",
        "meta": "@device-volume",
        "userDefined": false
      },
      {
        "text": " down by ",
        "userDefined": false
      },
      {
        "text": "6",
        "alias": "change-value",
        "meta": "@sys.number",
        "userDefined": true
      },
      {
        "text": " percent in the ",
        "userDefined": false
      },
      {
        "text": "kitchen",
        "alias": "room",
        "meta": "@room",
        "userDefined": true
      }
    ],
    "isTemplate": false,
    "count": 0,
    "updated": 0
  },
  {
    "id": "8ca05243-2489-4d02-91b1-69ca3e3a68fb",
    "data": [
      {
        "text": "turn the volume down",
        "userDefined": false
      }
    ],
    "isTemplate": false,
    "count": 0,
    "updated": 0
  },
  {
    "id": "fe613dd2-1cb6-4fb3-8acf-e0770aa7cf49",
    "data": [
      {
        "text": "turn down the volume of ",
        "userDefined": false
      },
      {
        "text": "speakers",
        "alias": "device",
        "meta": "@device-volume",
        "userDefined": false
      },
      {
        "text": " by ",
        "userDefined": false
      },
      {
        "text": "5",
        "alias": "change-value",
        "meta": "@sys.number",
        "userDefined": true
      },
      {
        "text": " points",
        "userDefined": false
      }
    ],
    "isTemplate": false,
    "count": 0,
    "updated": 0
  },
  {
    "id": "8e010f05-c000-4236-9fbc-c78b5d89c792",
    "data": [
      {
        "text": "please ",
        "userDefined": false
      },
      {
        "text": "lower",
        "meta": "@sys.ignore",
        "userDefined": false
      },
      {
        "text": " the ",
        "userDefined": false
      },
      {
        "text": "volume",
        "meta": "@sys.ignore",
        "userDefined": false
      }
    ],
    "isTemplate": false,
    "count": 0,
    "updated": 0
  },
  {
    "id": "dd40844e-c87a-4a9f-a131-ae80f7c6d14c",
    "data": [
      {
        "text": "turn the ",
        "userDefined": false
      },
      {
        "text": "TV",
        "alias": "device",
        "meta": "@device-volume",
        "userDefined": false
      },
      {
        "text": " volume down",
        "userDefined": false
      }
    ],
    "isTemplate": false,
    "count": 0,
    "updated": 0
  },
  {
    "id": "5a9f3e9a-7a44-4af0-8629-8624816fc732",
    "data": [
      {
        "text": "please reduce the ",
        "userDefined": false
      },
      {
        "text": "volume",
        "meta": "@sys.ignore",
        "userDefined": false
      }
    ],
    "isTemplate": false,
    "count": 0,
    "updated": 0
  },
  {
    "id": "6bdb4e10-3301-4352-9460-483caa35ef6d",
    "data": [
      {
        "text": "turn down the volume of the ",
        "userDefined": false
      },
      {
        "text": "TV",
        "alias": "device",
        "meta": "@device-volume",
        "userDefined": false
      },
      {
        "text": " in the ",
        "userDefined": false
      },
      {
        "text": "kitchen",
        "alias": "room",
        "meta": "@room",
        "userDefined": true
      }
    ],
    "isTemplate": false,
    "count": 0,
    "updated": 0
  },
  {
    "id": "61ccdc36-b3ce-4954-9a94-6ac0bf387b86",
    "data": [
      {
        "text": "turn down the volume in ",
        "userDefined": false
      },
      {
        "text": "bedroom",
        "alias": "room",
        "meta": "@room",
        "userDefined": true
      }
    ],
    "isTemplate": false,
    "count": 0,
    "updated": 0
  },
  {
    "id": "01951cd1-4ef2-48e7-975d-26ced0bf2b60",
    "data": [
      {
        "text": "turn down the ",
        "userDefined": false
      },
      {
        "text": "speakers",
        "alias": "device",
        "meta": "@device-volume",
        "userDefined": false
      }
    ],
    "isTemplate": false,
    "count": 0,
    "updated": 0
  },
  {
    "id": "dc75c689-e6eb-4f3f-a33b-7d9d65a906de",
    "data": [
      {
        "text": "decrease ",
        "userDefined": false
      },
      {
        "text": "TV",
        "alias": "device",
        "meta": "@device-volume",
        "userDefined": false
      },
      {
        "text": " volume",
        "userDefined": false
      }
    ],
    "isTemplate": false,
    "count": 0,
    "updated": 0
  },
  {
    "id": "91b29d3b-fc9a-4029-a3fb-a9d3072f4634",
    "data": [
      {
        "text": "turn down the ",
        "userDefined": false
      },
      {
        "text": "radio",
        "alias": "device",
        "meta": "@device-volume",
        "userDefined": false
      },
      {
        "text": " by ",
        "userDefined": false
      },
      {
        "text": "6",
        "alias": "change-value",
        "meta": "@sys.number",
        "userDefined": true
      },
      {
        "text": " points",
        "userDefined": false
      }
    ],
    "isTemplate": false,
    "count": 0,
    "updated": 0
  },
  {
    "id": "f28d492a-54a7-476b-8db7-7ca6094d9ab4",
    "data": [
      {
        "text": "reduce the ",
        "userDefined": false
      },
      {
        "text": "volume",
        "meta": "@sys.ignore",
        "userDefined": false
      }
    ],
    "isTemplate": false,
    "count": 0,
    "updated": 0
  },
  {
    "id": "1746f8a6-db1b-4bc0-acfe-127f50b48300",
    "data": [
      {
        "text": "speakers",
        "alias": "device",
        "meta": "@device-volume",
        "userDefined": false
      },
      {
        "text": " volume down",
        "userDefined": false
      }
    ],
    "isTemplate": false,
    "count": 0,
    "updated": 0
  },
  {
    "id": "50a07381-4ea6-43f0-9e74-627ae9081328",
    "data": [
      {
        "text": "too loud",
        "userDefined": false
      }
    ],
    "isTemplate": false,
    "count": 0,
    "updated": 0
  },
  {
    "id": "e82ee8cc-058b-457f-b8d5-58c99888e926",
    "data": [
      {
        "text": "turn down the volume to ",
        "userDefined": false
      },
      {
        "text": "5",
        "alias": "final-value",
        "meta": "@sys.number",
        "userDefined": true
      },
      {
        "text": " points",
        "userDefined": false
      }
    ],
    "isTemplate": false,
    "count": 0,
    "updated": 0
  },
  {
    "id": "19e157df-0337-481a-9eb7-100ee43407a5",
    "data": [
      {
        "text": "volume down",
        "userDefined": false
      }
    ],
    "isTemplate": false,
    "count": 1,
    "updated": 0
  },
  {
    "id": "ea41c7b1-0609-4da3-801d-889537aaf466",
    "data": [
      {
        "text": "decrease the volume of the ",
        "userDefined": false
      },
      {
        "text": "speakers",
        "alias": "device",
        "meta": "@device-volume",
        "userDefined": false
      }
    ],
    "isTemplate": false,
    "count": 0,
    "updated": 0
  },
  {
    "id": "e185a355-e7be-4a8e-a30e-cf5a1e287c30",
    "data": [
      {
        "text": "can you turn the volume down on my ",
        "userDefined": false
      },
      {
        "text": "ipod",
        "alias": "device",
        "meta": "@device-volume",
        "userDefined": true
      }
    ],
    "isTemplate": false,
    "count": 1,
    "updated": 0
  },
  {
    "id": "4dcb69ca-197b-48c5-8651-6b22a1e57ad3",
    "data": [
      {
        "text": "turn down the ",
        "userDefined": false
      },
      {
        "text": "volume",
        "meta": "@sys.ignore",
        "userDefined": false
      }
    ],
    "isTemplate": false,
    "count": 0,
    "updated": 0
  },
  {
    "id": "f4d14187-6a71-4cf7-b07d-5cb5ecb12821",
    "data": [
      {
        "text": "now",
        "meta": "@sys.ignore",
        "userDefined": false
      },
      {
        "text": " have the ",
        "userDefined": false
      },
      {
        "text": "volume",
        "meta": "@sys.ignore",
        "userDefined": false
      },
      {
        "text": " turned ",
        "userDefined": false
      },
      {
        "text": "down",
        "meta": "@sys.ignore",
        "userDefined": false
      }
    ],
    "isTemplate": false,
    "count": 0,
    "updated": 0
  },
  {
    "id": "788e9a1a-0a20-49c5-b509-0d9e97871ca1",
    "data": [
      {
        "text": "turn down the volume of ",
        "userDefined": false
      },
      {
        "text": "speakers",
        "alias": "device",
        "meta": "@device-volume",
        "userDefined": false
      }
    ],
    "isTemplate": false,
    "count": 0,
    "updated": 0
  },
  {
    "id": "f00c475d-3822-46b6-9f30-57517703fd03",
    "data": [
      {
        "text": "decrease the volume",
        "userDefined": false
      }
    ],
    "isTemplate": false,
    "count": 0,
    "updated": 0
  },
  {
    "id": "b7a3d550-134c-45df-85a8-03f04215c11a",
    "data": [
      {
        "text": "turn the ",
        "userDefined": false
      },
      {
        "text": "radio",
        "alias": "device",
        "meta": "@device-volume",
        "userDefined": false
      },
      {
        "text": " in the ",
        "userDefined": false
      },
      {
        "text": "kitchen",
        "alias": "room",
        "meta": "@room",
        "userDefined": true
      },
      {
        "text": " down by ",
        "userDefined": false
      },
      {
        "text": "10",
        "alias": "change-value",
        "meta": "@sys.number",
        "userDefined": true
      },
      {
        "text": " points",
        "userDefined": false
      }
    ],
    "isTemplate": false,
    "count": 0,
    "updated": 0
  },
  {
    "id": "cf5889c8-1162-4982-b0a5-c7ae08126ce6",
    "data": [
      {
        "text": "turn the volume down to ",
        "userDefined": false
      },
      {
        "text": "2",
        "alias": "final-value",
        "meta": "@sys.number",
        "userDefined": true
      },
      {
        "text": " points",
        "userDefined": false
      }
    ],
    "isTemplate": false,
    "count": 0,
    "updated": 0
  },
  {
    "id": "c782e467-689e-4df3-9966-26a1f2e9c513",
    "data": [
      {
        "text": "turn down the volume by ",
        "userDefined": false
      },
      {
        "text": "9",
        "alias": "change-value",
        "meta": "@sys.number",
        "userDefined": true
      },
      {
        "text": " percent",
        "userDefined": false
      }
    ],
    "isTemplate": false,
    "count": 0,
    "updated": 0
  },
  {
    "id": "5cc4f4c9-d713-485d-a37f-4f07e442cffc",
    "data": [
      {
        "text": "turn the volume down in the ",
        "userDefined": false
      },
      {
        "text": "living room",
        "alias": "room",
        "meta": "@room",
        "userDefined": true
      }
    ],
    "isTemplate": false,
    "count": 0,
    "updated": 0
  },
  {
    "id": "bb91cabb-64b6-4080-bcab-711d3b8813ea",
    "data": [
      {
        "text": "volume",
        "meta": "@sys.ignore",
        "userDefined": false
      },
      {
        "text": " ",
        "userDefined": false
      },
      {
        "text": "lower",
        "meta": "@sys.ignore",
        "userDefined": false
      }
    ],
    "isTemplate": false,
    "count": 0,
    "updated": 0
  },
  {
    "id": "8ddc70e8-f00a-468c-8a5b-1da1ec76acc5",
    "data": [
      {
        "text": "decrease the volume of the ",
        "userDefined": false
      },
      {
        "text": "speakers",
        "alias": "device",
        "meta": "@device-volume",
        "userDefined": false
      },
      {
        "text": " by ",
        "userDefined": false
      },
      {
        "text": "10",
        "alias": "change-value",
        "meta": "@sys.number",
        "userDefined": true
      },
      {
        "text": " percent",
        "userDefined": false
      }
    ],
    "isTemplate": false,
    "count": 0,
    "updated": 0
  },
  {
    "id": "98260e0d-2cf5-42ea-83b5-66a36f96a382",
    "data": [
      {
        "text": "lower",
        "meta": "@sys.ignore",
        "userDefined": false
      },
      {
        "text": " ",
        "userDefined": false
      },
      {
        "text": "volume",
        "meta": "@sys.ignore",
        "userDefined": false
      }
    ],
    "isTemplate": false,
    "count": 1,
    "updated": 0
  },
  {
    "id": "cb033dca-f6fc-4d2e-92e5-db9df50e014d",
    "data": [
      {
        "text": "turn down the ",
        "userDefined": false
      },
      {
        "text": "TV",
        "alias": "device",
        "meta": "@device-volume",
        "userDefined": false
      },
      {
        "text": " volume",
        "userDefined": false
      }
    ],
    "isTemplate": false,
    "count": 0,
    "updated": 0
  },
  {
    "id": "907720b5-e3ac-4ca7-b3c5-6ea51a470af0",
    "data": [
      {
        "text": "volume of the ",
        "userDefined": false
      },
      {
        "text": "TV",
        "alias": "device",
        "meta": "@device-volume",
        "userDefined": false
      },
      {
        "text": " down",
        "userDefined": false
      }
    ],
    "isTemplate": false,
    "count": 0,
    "updated": 0
  },
  {
    "id": "f28e91b1-ab7a-4aa0-9f01-681cc6540775",
    "data": [
      {
        "text": "TV",
        "alias": "device",
        "meta": "@device-volume",
        "userDefined": false
      },
      {
        "text": " volume down",
        "userDefined": false
      }
    ],
    "isTemplate": false,
    "count": 0,
    "updated": 0
  },
  {
    "id": "f292ffa2-cae5-48db-827f-043848c3074d",
    "data": [
      {
        "text": "decrease the volume of the ",
        "userDefined": false
      },
      {
        "text": "speakers",
        "alias": "device",
        "meta": "@device-volume",
        "userDefined": false
      },
      {
        "text": " to ",
        "userDefined": false
      },
      {
        "text": "90",
        "alias": "final-value",
        "meta": "@sys.number",
        "userDefined": true
      },
      {
        "text": " percent",
        "userDefined": false
      }
    ],
    "isTemplate": false,
    "count": 0,
    "updated": 0
  }
]