[
  {
    "id": "7d4623f0-305a-4e56-9976-05c481d83b73",
    "data": [
      {
        "text": "what is",
        "meta": "@sys.ignore",
        "userDefined": false
      },
      {
        "text": " the ",
        "userDefined": false
      },
      {
        "text": "TV",
        "alias": "device",
        "meta": "@device-volume",
        "userDefined": false
      },
      {
        "text": " ",
        "userDefined": false
      },
      {
        "text": "volume",
        "meta": "@sys.ignore",
        "userDefined": false
      }
    ],
    "isTemplate": false,
    "count": 0,
    "updated": 0
  },
  {
    "id": "b195eb82-885e-455a-9cf2-90851ae739df",
    "data": [
      {
        "text": "check for me the volume of the ",
        "userDefined": false
      },
      {
        "text": "TV",
        "alias": "device",
        "meta": "@device-volume",
        "userDefined": true
      },
      {
        "text": " in the ",
        "userDefined": false
      },
      {
        "text": "bathroom",
        "alias": "room",
        "meta": "@room",
        "userDefined": true
      }
    ],
    "isTemplate": false,
    "count": 0,
    "updated": 0
  },
  {
    "id": "53fc8108-94e2-4e55-899c-d8315c760380",
    "data": [
      {
        "text": "how can I check the ",
        "userDefined": false
      },
      {
        "text": "radio",
        "alias": "device",
        "meta": "@device-volume",
        "userDefined": true
      },
      {
        "text": " volume in the ",
        "userDefined": false
      },
      {
        "text": "bedroom",
        "alias": "room",
        "meta": "@room",
        "userDefined": true
      }
    ],
    "isTemplate": false,
    "count": 0,
    "updated": 0
  },
  {
    "id": "aad15b23-1556-4c00-bc03-bf8064289b13",
    "data": [
      {
        "text": "radio",
        "alias": "device",
        "meta": "@device-volume",
        "userDefined": true
      },
      {
        "text": " volume check",
        "userDefined": false
      }
    ],
    "isTemplate": false,
    "count": 0,
    "updated": 0
  },
  {
    "id": "805d8875-a9c6-4157-84ee-63d84f4929dc",
    "data": [
      {
        "text": "could you please check the ",
        "userDefined": false
      },
      {
        "text": "TV",
        "alias": "device",
        "meta": "@device-volume",
        "userDefined": true
      },
      {
        "text": " volume for me",
        "userDefined": false
      }
    ],
    "isTemplate": false,
    "count": 0,
    "updated": 0
  },
  {
    "id": "b59f9655-955f-4d63-8a0b-266cbe10e6c1",
    "data": [
      {
        "text": "check the ",
        "userDefined": false
      },
      {
        "text": "kitchen\u0027s",
        "alias": "room",
        "meta": "@room",
        "userDefined": true
      },
      {
        "text": " ",
        "userDefined": false
      },
      {
        "text": "speakers",
        "alias": "device",
        "meta": "@device-volume",
        "userDefined": true
      },
      {
        "text": " volume",
        "userDefined": false
      }
    ],
    "isTemplate": false,
    "count": 0,
    "updated": 0
  },
  {
    "id": "ed45a5b2-c51a-4537-aba1-7d98a60bf755",
    "data": [
      {
        "text": "what\u0027s the ",
        "userDefined": false
      },
      {
        "text": "TV",
        "alias": "device",
        "meta": "@device-volume",
        "userDefined": true
      },
      {
        "text": " volume in the ",
        "userDefined": false
      },
      {
        "text": "kitchen",
        "alias": "room",
        "meta": "@room",
        "userDefined": true
      }
    ],
    "isTemplate": false,
    "count": 0,
    "updated": 0
  },
  {
    "id": "bb640b7b-e9c6-45d3-a3a0-4ca29e8bc1ae",
    "data": [
      {
        "text": "check my ",
        "userDefined": false
      },
      {
        "text": "iPad",
        "alias": "device",
        "meta": "@device-volume",
        "userDefined": true
      },
      {
        "text": " volume please",
        "userDefined": false
      }
    ],
    "isTemplate": false,
    "count": 0,
    "updated": 0
  },
  {
    "id": "e1d0622f-ca89-4496-b6d7-62883a201b42",
    "data": [
      {
        "text": "volume check",
        "userDefined": false
      }
    ],
    "isTemplate": false,
    "count": 0,
    "updated": 0
  },
  {
    "id": "df2e7610-d87f-402e-9617-74ca5e4c7707",
    "data": [
      {
        "text": "check volume",
        "userDefined": false
      }
    ],
    "isTemplate": false,
    "count": 0,
    "updated": 0
  },
  {
    "id": "5b56fbc2-5479-40f8-9ac5-2f328a86f7b6",
    "data": [
      {
        "text": "what\u0027s the ",
        "userDefined": false
      },
      {
        "text": "TV",
        "alias": "device",
        "meta": "@device-volume",
        "userDefined": false
      },
      {
        "text": " volume",
        "userDefined": false
      }
    ],
    "isTemplate": false,
    "count": 0,
    "updated": 0
  },
  {
    "id": "d355d256-8653-40d5-b7b0-ecfccc41caf8",
    "data": [
      {
        "text": "what\u0027s the volume of the ",
        "userDefined": false
      },
      {
        "text": "speakers",
        "alias": "device",
        "meta": "@device-volume",
        "userDefined": false
      },
      {
        "text": " in the ",
        "userDefined": false
      },
      {
        "text": "living room",
        "alias": "room",
        "meta": "@room",
        "userDefined": true
      }
    ],
    "isTemplate": false,
    "count": 0,
    "updated": 0
  },
  {
    "id": "c62be4e2-1170-4fa5-aeea-27608b767cfb",
    "data": [
      {
        "text": "check ",
        "userDefined": false
      },
      {
        "text": "speakers",
        "alias": "device",
        "meta": "@device-volume",
        "userDefined": false
      },
      {
        "text": " volume",
        "userDefined": false
      }
    ],
    "isTemplate": false,
    "count": 0,
    "updated": 0
  },
  {
    "id": "edead3df-c061-44c0-b04b-ffd16d6a46ee",
    "data": [
      {
        "text": "check volume of the ",
        "userDefined": false
      },
      {
        "text": "TV",
        "alias": "device",
        "meta": "@device-volume",
        "userDefined": true
      }
    ],
    "isTemplate": false,
    "count": 0,
    "updated": 0
  },
  {
    "id": "b66bcafe-4790-44bd-b69e-e225c4ae22df",
    "data": [
      {
        "text": "check volume of the ",
        "userDefined": false
      },
      {
        "text": "TV",
        "alias": "device",
        "meta": "@device-volume",
        "userDefined": true
      },
      {
        "text": " in the ",
        "userDefined": false
      },
      {
        "text": "kitchen",
        "alias": "room",
        "meta": "@room",
        "userDefined": true
      }
    ],
    "isTemplate": false,
    "count": 0,
    "updated": 0
  },
  {
    "id": "931daf9a-86c6-4322-b042-86a499ce5843",
    "data": [
      {
        "text": "check volume ",
        "userDefined": false
      },
      {
        "text": "level",
        "meta": "@sys.ignore",
        "userDefined": true
      },
      {
        "text": " of the ",
        "userDefined": false
      },
      {
        "text": "TV",
        "alias": "device",
        "meta": "@device-volume",
        "userDefined": true
      }
    ],
    "isTemplate": false,
    "count": 0,
    "updated": 0
  },
  {
    "id": "46cd7028-2762-46a4-9628-eb1706f3ff28",
    "data": [
      {
        "text": "check volume level",
        "userDefined": false
      }
    ],
    "isTemplate": false,
    "count": 0,
    "updated": 0
  },
  {
    "id": "10def220-8ffc-4003-bb7c-a62aef4861db",
    "data": [
      {
        "text": "what\u0027s the volume level",
        "userDefined": false
      }
    ],
    "isTemplate": false,
    "count": 0,
    "updated": 0
  },
  {
    "id": "a1d70f19-62d2-406f-8c49-1ffff02200fb",
    "data": [
      {
        "text": "what\u0027s the volume ",
        "userDefined": false
      },
      {
        "text": "level",
        "meta": "@sys.ignore",
        "userDefined": true
      },
      {
        "text": " in the ",
        "userDefined": false
      },
      {
        "text": "kitchen",
        "alias": "room",
        "meta": "@room",
        "userDefined": true
      }
    ],
    "isTemplate": false,
    "count": 0,
    "updated": 0
  },
  {
    "id": "a8379f12-0f9c-4688-8b66-100b24373051",
    "data": [
      {
        "text": "what\u0027s the volume ",
        "userDefined": false
      },
      {
        "text": "level",
        "meta": "@sys.ignore",
        "userDefined": true
      },
      {
        "text": " for ",
        "userDefined": false
      },
      {
        "text": "kitchen",
        "alias": "room",
        "meta": "@room",
        "userDefined": true
      },
      {
        "text": " ",
        "userDefined": false
      },
      {
        "text": "speakers",
        "alias": "device",
        "meta": "@device-volume",
        "userDefined": true
      }
    ],
    "isTemplate": false,
    "count": 0,
    "updated": 0
  },
  {
    "id": "86cdeb97-e8d3-4539-8f1c-4de9e01b4999",
    "data": [
      {
        "text": "check volume ",
        "userDefined": false
      },
      {
        "text": "level",
        "meta": "@sys.ignore",
        "userDefined": true
      },
      {
        "text": " for ",
        "userDefined": false
      },
      {
        "text": "kitchen",
        "alias": "room",
        "meta": "@room",
        "userDefined": true
      },
      {
        "text": " ",
        "userDefined": false
      },
      {
        "text": "radio",
        "alias": "device",
        "meta": "@device-volume",
        "userDefined": true
      }
    ],
    "isTemplate": false,
    "count": 0,
    "updated": 0
  },
  {
    "id": "18fb0f9d-c9e2-4514-a23f-02bedf3855d4",
    "data": [
      {
        "text": "check the sound volume",
        "userDefined": false
      }
    ],
    "isTemplate": false,
    "count": 0,
    "updated": 0
  },
  {
    "id": "1efe89d4-09fb-40e1-b0cb-98b605ae1f0d",
    "data": [
      {
        "text": "check ",
        "userDefined": false
      },
      {
        "text": "radio",
        "alias": "device",
        "meta": "@device-volume",
        "userDefined": true
      },
      {
        "text": " volume",
        "userDefined": false
      }
    ],
    "isTemplate": false,
    "count": 0,
    "updated": 0
  },
  {
    "id": "fe3d1055-dd1a-46c9-81db-6f0e660a5c71",
    "data": [
      {
        "text": "check ",
        "userDefined": false
      },
      {
        "text": "kitchen",
        "alias": "room",
        "meta": "@room",
        "userDefined": true
      },
      {
        "text": " ",
        "userDefined": false
      },
      {
        "text": "radio",
        "alias": "device",
        "meta": "@device-volume",
        "userDefined": true
      },
      {
        "text": " volume",
        "userDefined": false
      }
    ],
    "isTemplate": false,
    "count": 0,
    "updated": 0
  },
  {
    "id": "da76620d-9408-478a-9d31-be24fedd7614",
    "data": [
      {
        "text": "what is the volume",
        "userDefined": false
      }
    ],
    "isTemplate": false,
    "count": 0,
    "updated": 0
  }
]